{"type":"FeatureCollection","metadata":{"generated":1715061088000,"url":"https://earthquake.usgs.gov/earthquakes/feed/v1.0/summary/all_day.geojson","title":"USGS All Earthquakes, Past Day","status":200,"api":"1.10.3","count":270},"features":[{"type":"Feature","properties":{"mag":1.91999996,"place":"6 km SSW of Volcano, Hawaii","time":1715060283800,"updated":1715060376820,"tz":null,"url":"https://earthquake.usgs.gov/earthquakes/eventpage/hv74217197","detail":"https://earthquake.usgs.gov/earthquakes/feed/v1.0/detail/hv74217197.geojson","felt":null,"cdi":null,"mmi":null,"alert":null,"status":"automatic","tsunami":0,"sig":57,"net":"hv","code":"74217197","ids":",hv74217197,","sources":",hv,","types":",origin,phase-data,","nst":14,"dmin":0.009261,"rms":0.289999992,"gap":65,"magType":"md","type":"earthquake","title":"M 1.9 - 6 km SSW of Volcano, Hawaii"},"geometry":{"type":"Point","coordinates":[-155.26383972168,19.3950004577637,0.379999995231628]},"id":"hv74217197"},
{"type":"Feature","properties":{"mag":1.69,"place":"10 km SSW of Bodfish, CA","time":1715060049340,"updated":1715060704480,"tz":null,"url":"https://earthquake.usgs.gov/earthquakes/eventpage/ci40741736","detail":"https://earthquake.usgs.gov/earthquakes/feed/v1.0/detail/ci40741736.geojson","felt":null,"cdi":null,"mmi":null,"alert":null,"status":"automatic","tsunami":0,"sig":44,"net":"ci","code":"40741736","ids":",ci40741736,","sources":",ci,","types":",focal-mechanism,nearby-cities,origin,phase-data,scitech-link,","nst":35,"dmin":0.1676,"rms":0.15,"gap":38,"magType":"ml","type":"earthquake","title":"M 1.7 - 10 km SSW of Bodfish, CA"},"geometry":{"type":"Point","coordinates":[-118.5246667,35.5,3.18]},"id":"ci40741736"},
{"type":"Feature","properties":{"mag":3.01,"place":"15 km SW of Thatcher, Utah","time":1715059224470,"updated":1715060887502,"tz":null,"url":"https://earthquake.usgs.gov/earthquakes/eventpage/uu80068896","detail":"https://earthquake.usgs.gov/earthquakes/feed/v1.0/detail/uu80068896.geojson","felt":13,"cdi":2.9,"mmi":3.419,"alert":null,"status":"reviewed","tsunami":0,"sig":143,"net":"uu","code":"80068896","ids":",uu80068896,","sources":",uu,","types":",dyfi,origin,phase-data,shakemap,","nst":42,"dmin":0.1291,"rms":0.25,"gap":91,"magType":"ml","type":"earthquake","title":"M 3.0 - 15 km SW of Thatcher, Utah"},"geometry":{"type":"Point","coordinates":[-112.419334411621,41.5926666259766,4.09000015258789]},"id":"uu80068896"},
{"type":"Feature","properties":{"mag":0.82,"place":"8 km SW of Corona, CA","time":1715058889220,"updated":1715059262767,"tz":null,"url":"https://earthquake.usgs.gov/earthquakes/eventpage/ci40741720","detail":"https://earthquake.usgs.gov/earthquakes/feed/v1.0/detail/ci40741720.geojson","felt":null,"cdi":null,"mmi":null,"alert":null,"status":"automatic","tsunami":0,"sig":10,"net":"ci","code":"40741720","ids":",ci40741720,","sources":",ci,","types":",nearby-cities,origin,phase-data,scitech-link,","nst":21,"dmin":0.02597,"rms":0.16,"gap":58,"magType":"ml","type":"earthquake","title":"M 0.8 - 8 km SW of Corona, CA"},"geometry":{"type":"Point","coordinates":[-117.6271667,33.8165,3.99]},"id":"ci40741720"},
{"type":"Feature","properties":{"mag":2,"place":"58 km S of Whites City, New Mexico","time":1715058344959,"updated":1715060027598,"tz":null,"url":"https://earthquake.usgs.gov/earthquakes/eventpage/tx2024iykz","detail":"https://earthquake.usgs.gov/earthquakes/feed/v1.0/detail/tx2024iykz.geojson","felt":null,"cdi":null,"mmi":null,"alert":null,"status":"automatic","tsunami":0,"sig":62,"net":"tx","code":"2024iykz","ids":",tx2024iykz,","sources":",tx,","types":",origin,phase-data,","nst":18,"dmin":0.1,"rms":0.2,"gap":69,"magType":"ml","type":"earthquake","title":"M 2.0 - 58 km S of Whites City, New Mexico"},"geometry":{"type":"Point","coordinates":[-104.319,31.653,4.1282]},"id":"tx2024iykz"},
{"type":"Feature","properties":{"mag":1.7,"place":"3 km ENE of Falls City, Texas","time":1715057544255,"updated":1715058761534,"tz":null,"url":"https://earthquake.usgs.gov/earthquakes/eventpage/tx2024iyko","detail":"https://earthquake.usgs.gov/earthquakes/feed/v1.0/detail/tx2024iyko.geojson","felt":null,"cdi":null,"mmi":null,"alert":null,"status":"automatic","tsunami":0,"sig":44,"net":"tx","code":"2024iyko","ids":",tx2024iyko,","sources":",tx,","types":",origin,phase-data,","nst":19,"dmin":0,"rms":0.9,"gap":97,"magType":"ml","type":"earthquake","title":"M 1.7 - 3 km ENE of Falls City, Texas"},"geometry":{"type":"Point","coordinates":[-97.986,28.991,5.1901]},"id":"tx2024iyko"},
{"type":"Feature","properties":{"mag":2.1,"place":"42 km S of Glacier View, Alaska","time":1715057051497,"updated":1715057123359,"tz":null,"url":"https://earthquake.usgs.gov/earthquakes/eventpage/ak0245vrfm0t","detail":"https://earthquake.usgs.gov/earthquakes/feed/v1.0/detail/ak0245vrfm0t.geojson","felt":null,"cdi":null,"mmi":null,"alert":null,"status":"automatic","tsunami":0,"sig":68,"net":"ak","code":"0245vrfm0t","ids":",ak0245vrfm0t,","sources":",ak,","types":",origin,phase-data,","nst":null,"dmin":null,"rms":0.51,"gap":null,"magType":"ml","type":"earthquake","title":"M 2.1 - 42 km S of Glacier View, Alaska"},"geometry":{"type":"Point","coordinates":[-147.6184,61.4298,33.6]},"id":"ak0245vrfm0t"},
{"type":"Feature","properties":{"mag":2.21,"place":"5 km SSW of Volcano, Hawaii","time":1715056960340,"updated":1715057118570,"tz":null,"url":"https://earthquake.usgs.gov/earthquakes/eventpage/hv74217112","detail":"https://earthquake.usgs.gov/earthquakes/feed/v1.0/detail/hv74217112.geojson","felt":null,"cdi":null,"mmi":null,"alert":null,"status":"automatic","tsunami":0,"sig":75,"net":"hv","code":"74217112","ids":",hv74217112,","sources":",hv,","types":",origin,phase-data,","nst":29,"dmin":0.01239,"rms":0.219999999,"gap":42,"magType":"ml","type":"earthquake","title":"M 2.2 - 5 km SSW of Volcano, Hawaii"},"geometry":{"type":"Point","coordinates":[-155.244506835938,19.3961658477783,1.10000002384186]},"id":"hv74217112"},
{"type":"Feature","properties":{"mag":3.5,"place":"131 km E of Atka, Alaska","time":1715056626908,"updated":1715060087745,"tz":null,"url":"https://earthquake.usgs.gov/earthquakes/eventpage/ak0245vrdz4j","detail":"https://earthquake.usgs.gov/earthquakes/feed/v1.0/detail/ak0245vrdz4j.geojson","felt":null,"cdi":null,"mmi":2.146,"alert":null,"status":"reviewed","tsunami":0,"sig":188,"net":"ak","code":"0245vrdz4j","ids":",ak0245vrdz4j,","sources":",ak,","types":",origin,phase-data,shakemap,","nst":null,"dmin":null,"rms":0.66,"gap":null,"magType":"ml","type":"earthquake","title":"M 3.5 - 131 km E of Atka, Alaska"},"geometry":{"type":"Point","coordinates":[-172.3051,52.0029,40.2]},"id":"ak0245vrdz4j"},
{"type":"Feature","properties":{"mag":0.68,"place":"8 km WNW of Cobb, CA","time":1715056497940,"updated":1715056596087,"tz":null,"url":"https://earthquake.usgs.gov/earthquakes/eventpage/nc75002646","detail":"https://earthquake.usgs.gov/earthquakes/feed/v1.0/detail/nc75002646.geojson","felt":null,"cdi":null,"mmi":null,"alert":null,"status":"automatic","tsunami":0,"sig":7,"net":"nc","code":"75002646","ids":",nc75002646,","sources":",nc,","types":",nearby-cities,origin,phase-data,","nst":10,"dmin":0.009432,"rms":0.01,"gap":104,"magType":"md","type":"earthquake","title":"M 0.7 - 8 km WNW of Cobb, CA"},"geometry":{"type":"Point","coordinates":[-122.815002441406,38.8478317260742,1.45000004768372]},"id":"nc75002646"},
{"type":"Feature","properties":{"mag":1.96,"place":"6 km ENE of El Centro, CA","time":1715056157860,"updated":1715057727700,"tz":null,"url":"https://earthquake.usgs.gov/earthquakes/eventpage/ci40741704","detail":"https://earthquake.usgs.gov/earthquakes/feed/v1.0/detail/ci40741704.geojson","felt":2,"cdi":3.6,"mmi":null,"alert":null,"status":"automatic","tsunami":0,"sig":60,"net":"ci","code":"40741704","ids":",ci40741704,","sources":",ci,","types":",dyfi,focal-mechanism,nearby-cities,origin,phase-data,scitech-link,","nst":38,"dmin":0.0398,"rms":0.24,"gap":54,"magType":"ml","type":"earthquake","title":"M 2.0 - 6 km ENE of El Centro, CA"},"geometry":{"type":"Point","coordinates":[-115.494,32.8035,3.34]},"id":"ci40741704"},
{"type":"Feature","properties":{"mag":1.73,"place":"7 km ENE of El Centro, CA","time":1715056124820,"updated":1715056589613,"tz":null,"url":"https://earthquake.usgs.gov/earthquakes/eventpage/ci40741696","detail":"https://earthquake.usgs.gov/earthquakes/feed/v1.0/detail/ci40741696.geojson","felt":null,"cdi":null,"mmi":null,"alert":null,"status":"automatic","tsunami":0,"sig":46,"net":"ci","code":"40741696","ids":",ci40741696,","sources":",ci,","types":",nearby-cities,origin,phase-data,scitech-link,","nst":22,"dmin":0.03712,"rms":0.28,"gap":94,"magType":"ml","type":"earthquake","title":"M 1.7 - 7 km ENE of El Centro, CA"},"geometry":{"type":"Point","coordinates":[-115.4898333,32.8133333,3.4]},"id":"ci40741696"},
{"type":"Feature","properties":{"mag":1.59,"place":"16 km N of Ocotillo Wells, CA","time":1715056087690,"updated":1715056747510,"tz":null,"url":"https://earthquake.usgs.gov/earthquakes/eventpage/ci40741688","detail":"https://earthquake.usgs.gov/earthquakes/feed/v1.0/detail/ci40741688.geojson","felt":null,"cdi":null,"mmi":null,"alert":null,"status":"automatic","tsunami":0,"sig":39,"net":"ci","code":"40741688","ids":",ci40741688,","sources":",ci,","types":",focal-mechanism,nearby-cities,origin,phase-data,scitech-link,","nst":74,"dmin":0.1276,"rms":0.19,"gap":29,"magType":"ml","type":"earthquake","title":"M 1.6 - 16 km N of Ocotillo Wells, CA"},"geometry":{"type":"Point","coordinates":[-116.1378333,33.289,3.11]},"id":"ci40741688"},
{"type":"Feature","properties":{"mag":0.2,"place":"83 km NNW of Karluk, Alaska","time":1715055686184,"updated":1715055781417,"tz":null,"url":"https://earthquake.usgs.gov/earthquakes/eventpage/ak0245vrapoq","detail":"https://earthquake.usgs.gov/earthquakes/feed/v1.0/detail/ak0245vrapoq.geojson","felt":null,"cdi":null,"mmi":null,"alert":null,"status":"automatic","tsunami":0,"sig":1,"net":"ak","code":"0245vrapoq","ids":",ak0245vrapoq,","sources":",ak,","types":",origin,phase-data,","nst":null,"dmin":null,"rms":0.16,"gap":null,"magType":"ml","type":"earthquake","title":"M 0.2 - 83 km NNW of Karluk, Alaska"},"geometry":{"type":"Point","coordinates":[-155.0075,58.2615,1.1]},"id":"ak0245vrapoq"},
{"type":"Feature","properties":{"mag":2.19,"place":"7 km SW of Volcano, Hawaii","time":1715055560340,"updated":1715055717470,"tz":null,"url":"https://earthquake.usgs.gov/earthquakes/eventpage/hv74217077","detail":"https://earthquake.usgs.gov/earthquakes/feed/v1.0/detail/hv74217077.geojson","felt":null,"cdi":null,"mmi":null,"alert":null,"status":"automatic","tsunami":0,"sig":74,"net":"hv","code":"74217077","ids":",hv74217077,","sources":",hv,","types":",origin,phase-data,","nst":13,"dmin":0.005995,"rms":0.129999995,"gap":53,"magType":"ml","type":"earthquake","title":"M 2.2 - 7 km SW of Volcano, Hawaii"},"geometry":{"type":"Point","coordinates":[-155.279998779297,19.392333984375,1.10000002384186]},"id":"hv74217077"},
{"type":"Feature","properties":{"mag":2.42,"place":"6 km S of Volcano, Hawaii","time":1715055458110,"updated":1715055617970,"tz":null,"url":"https://earthquake.usgs.gov/earthquakes/eventpage/hv74217067","detail":"https://earthquake.usgs.gov/earthquakes/feed/v1.0/detail/hv74217067.geojson","felt":null,"cdi":null,"mmi":null,"alert":null,"status":"automatic","tsunami":0,"sig":90,"net":"hv","code":"74217067","ids":",hv74217067,","sources":",hv,","types":",origin,phase-data,","nst":23,"dmin":0.006528,"rms":0.230000004,"gap":56,"magType":"ml","type":"earthquake","title":"M 2.4 - 6 km S of Volcano, Hawaii"},"geometry":{"type":"Point","coordinates":[-155.244506835938,19.3843326568604,1.54999995231628]},"id":"hv74217067"},
{"type":"Feature","properties":{"mag":0.77,"place":"7 km NNW of The Geysers, CA","time":1715055446060,"updated":1715055540305,"tz":null,"url":"https://earthquake.usgs.gov/earthquakes/eventpage/nc75002641","detail":"https://earthquake.usgs.gov/earthquakes/feed/v1.0/detail/nc75002641.geojson","felt":null,"cdi":null,"mmi":null,"alert":null,"status":"automatic","tsunami":0,"sig":9,"net":"nc","code":"75002641","ids":",nc75002641,","sources":",nc,","types":",nearby-cities,origin,phase-data,","nst":9,"dmin":0.005286,"rms":0.02,"gap":120,"magType":"md","type":"earthquake","title":"M 0.8 - 7 km NNW of The Geysers, CA"},"geometry":{"type":"Point","coordinates":[-122.813003540039,38.8281669616699,1.07000005245209]},"id":"nc75002641"},
{"type":"Feature","properties":{"mag":1.34,"place":"16 km NW of Parkfield, CA","time":1715055402590,"updated":1715055500453,"tz":null,"url":"https://earthquake.usgs.gov/earthquakes/eventpage/nc75002631","detail":"https://earthquake.usgs.gov/earthquakes/feed/v1.0/detail/nc75002631.geojson","felt":null,"cdi":null,"mmi":null,"alert":null,"status":"automatic","tsunami":0,"sig":28,"net":"nc","code":"75002631","ids":",nc75002631,","sources":",nc,","types":",nearby-cities,origin,phase-data,","nst":13,"dmin":0.02236,"rms":0.07,"gap":88,"magType":"md","type":"earthquake","title":"M 1.3 - 16 km NW of Parkfield, CA"},"geometry":{"type":"Point","coordinates":[-120.561996459961,36.0006675720215,1.42999994754791]},"id":"nc75002631"},
{"type":"Feature","properties":{"mag":0.68,"place":"9 km NNW of The Geysers, CA","time":1715055402170,"updated":1715055504164,"tz":null,"url":"https://earthquake.usgs.gov/earthquakes/eventpage/nc75002636","detail":"https://earthquake.usgs.gov/earthquakes/feed/v1.0/detail/nc75002636.geojson","felt":null,"cdi":null,"mmi":null,"alert":null,"status":"automatic","tsunami":0,"sig":7,"net":"nc","code":"75002636","ids":",nc75002636,","sources":",nc,","types":",nearby-cities,origin,phase-data,","nst":4,"dmin":0.0152,"rms":0.02,"gap":217,"magType":"md","type":"earthquake","title":"M 0.7 - 9 km NNW of The Geysers, CA"},"geometry":{"type":"Point","coordinates":[-122.825164794922,38.8330001831055,0.490000009536743]},"id":"nc75002636"},
{"type":"Feature","properties":{"mag":1.1,"place":"39 km NE of Whittier, Alaska","time":1715055384149,"updated":1715055540691,"tz":null,"url":"https://earthquake.usgs.gov/earthquakes/eventpage/ak0245vr9mx8","detail":"https://earthquake.usgs.gov/earthquakes/feed/v1.0/detail/ak0245vr9mx8.geojson","felt":null,"cdi":null,"mmi":null,"alert":null,"status":"automatic","tsunami":0,"sig":19,"net":"ak","code":"0245vr9mx8","ids":",ak0245vr9mx8,","sources":",ak,","types":",origin,phase-data,","nst":null,"dmin":null,"rms":1.27,"gap":null,"magType":"ml","type":"earthquake","title":"M 1.1 - 39 km NE of Whittier, Alaska"},"geometry":{"type":"Point","coordinates":[-148.2756,61.0709,13.2]},"id":"ak0245vr9mx8"},
{"type":"Feature","properties":{"mag":0.95,"place":"2 km  of The Geysers, CA","time":1715055138510,"updated":1715055235075,"tz":null,"url":"https://earthquake.usgs.gov/earthquakes/eventpage/nc75002626","detail":"https://earthquake.usgs.gov/earthquakes/feed/v1.0/detail/nc75002626.geojson","felt":null,"cdi":null,"mmi":null,"alert":null,"status":"automatic","tsunami":0,"sig":14,"net":"nc","code":"75002626","ids":",nc75002626,","sources":",nc,","types":",nearby-cities,origin,phase-data,","nst":9,"dmin":0.008145,"rms":0.04,"gap":102,"magType":"md","type":"earthquake","title":"M 1.0 - 2 km  of The Geysers, CA"},"geometry":{"type":"Point","coordinates":[-122.762001037598,38.792667388916,-0.180000007152557]},"id":"nc75002626"},
{"type":"Feature","properties":{"mag":0.54,"place":"4 km ENE of Palomar Observatory, CA","time":1715054974870,"updated":1715055368355,"tz":null,"url":"https://earthquake.usgs.gov/earthquakes/eventpage/ci40741664","detail":"https://earthquake.usgs.gov/earthquakes/feed/v1.0/detail/ci40741664.geojson","felt":null,"cdi":null,"mmi":null,"alert":null,"status":"automatic","tsunami":0,"sig":4,"net":"ci","code":"40741664","ids":",ci40741664,","sources":",ci,","types":",nearby-cities,origin,phase-data,scitech-link,","nst":28,"dmin":0.03894,"rms":0.16,"gap":36,"magType":"ml","type":"earthquake","title":"M 0.5 - 4 km ENE of Palomar Observatory, CA"},"geometry":{"type":"Point","coordinates":[-116.8191667,33.3675,9.3]},"id":"ci40741664"},
{"type":"Feature","properties":{"mag":2.06,"place":"41 km W of Ferndale, CA","time":1715054743360,"updated":1715054841017,"tz":null,"url":"https://earthquake.usgs.gov/earthquakes/eventpage/nc75002621","detail":"https://earthquake.usgs.gov/earthquakes/feed/v1.0/detail/nc75002621.geojson","felt":null,"cdi":null,"mmi":null,"alert":null,"status":"automatic","tsunami":0,"sig":65,"net":"nc","code":"75002621","ids":",nc75002621,","sources":",nc,","types":",nearby-cities,origin,phase-data,","nst":13,"dmin":0.3792,"rms":0.11,"gap":296,"magType":"md","type":"earthquake","title":"M 2.1 - 41 km W of Ferndale, CA"},"geometry":{"type":"Point","coordinates":[-124.747329711914,40.5595016479492,22.6800003051758]},"id":"nc75002621"},
{"type":"Feature","properties":{"mag":1.3,"place":"9 km SW of Corona, CA","time":1715053210150,"updated":1715053600427,"tz":null,"url":"https://earthquake.usgs.gov/earthquakes/eventpage/ci40741648","detail":"https://earthquake.usgs.gov/earthquakes/feed/v1.0/detail/ci40741648.geojson","felt":null,"cdi":null,"mmi":null,"alert":null,"status":"automatic","tsunami":0,"sig":26,"net":"ci","code":"40741648","ids":",ci40741648,","sources":",ci,","types":",nearby-cities,origin,phase-data,scitech-link,","nst":36,"dmin":0.03399,"rms":0.19,"gap":59,"magType":"ml","type":"earthquake","title":"M 1.3 - 9 km SW of Corona, CA"},"geometry":{"type":"Point","coordinates":[-117.6413333,33.8161667,4.94]},"id":"ci40741648"},
{"type":"Feature","properties":{"mag":4.6,"place":"71 km S of Jatiroto, Indonesia","time":1715052900315,"updated":1715054351040,"tz":null,"url":"https://earthquake.usgs.gov/earthquakes/eventpage/us6000mwvk","detail":"https://earthquake.usgs.gov/earthquakes/feed/v1.0/detail/us6000mwvk.geojson","felt":null,"cdi":null,"mmi":null,"alert":null,"status":"reviewed","tsunami":0,"sig":326,"net":"us","code":"6000mwvk","ids":",us6000mwvk,","sources":",us,","types":",origin,phase-data,","nst":32,"dmin":1.564,"rms":0.65,"gap":71,"magType":"mb","type":"earthquake","title":"M 4.6 - 71 km S of Jatiroto, Indonesia"},"geometry":{"type":"Point","coordinates":[111.0058,-8.5193,89.322]},"id":"us6000mwvk"},
{"type":"Feature","properties":{"mag":1.47,"place":"6 km ENE of Brea, CA","time":1715052713110,"updated":1715053125382,"tz":null,"url":"https://earthquake.usgs.gov/earthquakes/eventpage/ci40741632","detail":"https://earthquake.usgs.gov/earthquakes/feed/v1.0/detail/ci40741632.geojson","felt":null,"cdi":null,"mmi":null,"alert":null,"status":"automatic","tsunami":0,"sig":33,"net":"ci","code":"40741632","ids":",ci40741632,","sources":",ci,","types":",nearby-cities,origin,phase-data,scitech-link,","nst":12,"dmin":0.1338,"rms":0.17,"gap":274,"magType":"ml","type":"earthquake","title":"M 1.5 - 6 km ENE of Brea, CA"},"geometry":{"type":"Point","coordinates":[-117.841,33.9388333,-0.47]},"id":"ci40741632"},
{"type":"Feature","properties":{"mag":1.75999999,"place":"5 km SW of Volcano, Hawaii","time":1715052586480,"updated":1715052745280,"tz":null,"url":"https://earthquake.usgs.gov/earthquakes/eventpage/hv74216972","detail":"https://earthquake.usgs.gov/earthquakes/feed/v1.0/detail/hv74216972.geojson","felt":null,"cdi":null,"mmi":null,"alert":null,"status":"automatic","tsunami":0,"sig":48,"net":"hv","code":"74216972","ids":",hv74216972,","sources":",hv,","types":",origin,phase-data,","nst":14,"dmin":0.008122,"rms":0.189999998,"gap":54,"magType":"md","type":"earthquake","title":"M 1.8 - 5 km SW of Volcano, Hawaii"},"geometry":{"type":"Point","coordinates":[-155.266326904297,19.3996658325195,0.560000002384186]},"id":"hv74216972"},
{"type":"Feature","properties":{"mag":2,"place":"52 km WNW of Toyah, Texas","time":1715052516794,"updated":1715053947951,"tz":null,"url":"https://earthquake.usgs.gov/earthquakes/eventpage/tx2024iyhu","detail":"https://earthquake.usgs.gov/earthquakes/feed/v1.0/detail/tx2024iyhu.geojson","felt":null,"cdi":null,"mmi":null,"alert":null,"status":"automatic","tsunami":0,"sig":62,"net":"tx","code":"2024iyhu","ids":",tx2024iyhu,","sources":",tx,","types":",origin,phase-data,","nst":15,"dmin":0.2,"rms":0.2,"gap":78,"magType":"ml","type":"earthquake","title":"M 2.0 - 52 km WNW of Toyah, Texas"},"geometry":{"type":"Point","coordinates":[-104.262,31.566,4.053]},"id":"tx2024iyhu"},
{"type":"Feature","properties":{"mag":0.72,"place":"8 km NNW of The Geysers, CA","time":1715052322540,"updated":1715052420505,"tz":null,"url":"https://earthquake.usgs.gov/earthquakes/eventpage/nc75002601","detail":"https://earthquake.usgs.gov/earthquakes/feed/v1.0/detail/nc75002601.geojson","felt":null,"cdi":null,"mmi":null,"alert":null,"status":"automatic","tsunami":0,"sig":8,"net":"nc","code":"75002601","ids":",nc75002601,","sources":",nc,","types":",nearby-cities,origin,phase-data,","nst":15,"dmin":0.009879,"rms":0.04,"gap":54,"magType":"md","type":"earthquake","title":"M 0.7 - 8 km NNW of The Geysers, CA"},"geometry":{"type":"Point","coordinates":[-122.815498352051,38.832332611084,1.3400000333786]},"id":"nc75002601"},
{"type":"Feature","properties":{"mag":1.08,"place":"4 km NW of The Geysers, CA","time":1715052054910,"updated":1715052149699,"tz":null,"url":"https://earthquake.usgs.gov/earthquakes/eventpage/nc75002596","detail":"https://earthquake.usgs.gov/earthquakes/feed/v1.0/detail/nc75002596.geojson","felt":null,"cdi":null,"mmi":null,"alert":null,"status":"automatic","tsunami":0,"sig":18,"net":"nc","code":"75002596","ids":",nc75002596,","sources":",nc,","types":",nearby-cities,origin,phase-data,","nst":20,"dmin":0.006922,"rms":0.02,"gap":39,"magType":"md","type":"earthquake","title":"M 1.1 - 4 km NW of The Geysers, CA"},"geometry":{"type":"Point","coordinates":[-122.800666809082,38.7949981689453,3.03999996185303]},"id":"nc75002596"},
{"type":"Feature","properties":{"mag":0.84,"place":"15 km ESE of Little Lake, CA","time":1715050830020,"updated":1715051176201,"tz":null,"url":"https://earthquake.usgs.gov/earthquakes/eventpage/ci40741624","detail":"https://earthquake.usgs.gov/earthquakes/feed/v1.0/detail/ci40741624.geojson","felt":null,"cdi":null,"mmi":null,"alert":null,"status":"automatic","tsunami":0,"sig":11,"net":"ci","code":"40741624","ids":",ci40741624,","sources":",ci,","types":",nearby-cities,origin,phase-data,scitech-link,","nst":17,"dmin":0.08835,"rms":0.1,"gap":69,"magType":"ml","type":"earthquake","title":"M 0.8 - 15 km ESE of Little Lake, CA"},"geometry":{"type":"Point","coordinates":[-117.7458333,35.9053333,8.73]},"id":"ci40741624"},
{"type":"Feature","properties":{"mag":1.4,"place":"16 km WNW of Salamatof, Alaska","time":1715050191916,"updated":1715050353068,"tz":null,"url":"https://earthquake.usgs.gov/earthquakes/eventpage/ak0245vq9wif","detail":"https://earthquake.usgs.gov/earthquakes/feed/v1.0/detail/ak0245vq9wif.geojson","felt":null,"cdi":null,"mmi":null,"alert":null,"status":"automatic","tsunami":0,"sig":30,"net":"ak","code":"0245vq9wif","ids":",ak0245vq9wif,","sources":",ak,","types":",origin,phase-data,","nst":null,"dmin":null,"rms":0.41,"gap":null,"magType":"ml","type":"earthquake","title":"M 1.4 - 16 km WNW of Salamatof, Alaska"},"geometry":{"type":"Point","coordinates":[-151.5994,60.6808,71.7]},"id":"ak0245vq9wif"},
{"type":"Feature","properties":{"mag":1.6,"place":"57 km S of Whites City, New Mexico","time":1715050123934,"updated":1715051965731,"tz":null,"url":"https://earthquake.usgs.gov/earthquakes/eventpage/tx2024iygn","detail":"https://earthquake.usgs.gov/earthquakes/feed/v1.0/detail/tx2024iygn.geojson","felt":null,"cdi":null,"mmi":null,"alert":null,"status":"automatic","tsunami":0,"sig":39,"net":"tx","code":"2024iygn","ids":",tx2024iygn,","sources":",tx,","types":",origin,phase-data,","nst":17,"dmin":0.1,"rms":0.4,"gap":69,"magType":"ml","type":"earthquake","title":"M 1.6 - 57 km S of Whites City, New Mexico"},"geometry":{"type":"Point","coordinates":[-104.326,31.659,4.1709]},"id":"tx2024iygn"},
{"type":"Feature","properties":{"mag":3.94,"place":"88 km N of Cruz Bay, U.S. Virgin Islands","time":1715049890490,"updated":1715053094040,"tz":null,"url":"https://earthquake.usgs.gov/earthquakes/eventpage/pr2024128000","detail":"https://earthquake.usgs.gov/earthquakes/feed/v1.0/detail/pr2024128000.geojson","felt":null,"cdi":null,"mmi":null,"alert":null,"status":"reviewed","tsunami":0,"sig":239,"net":"pr","code":"2024128000","ids":",us6000mwvf,pr2024128000,","sources":",us,pr,","types":",origin,phase-data,","nst":16,"dmin":0.7124,"rms":0.32,"gap":285,"magType":"md","type":"earthquake","title":"M 3.9 - 88 km N of Cruz Bay, U.S. Virgin Islands"},"geometry":{"type":"Point","coordinates":[-64.6713,19.1255,29]},"id":"pr2024128000"},
{"type":"Feature","properties":{"mag":2.4,"place":"3 km NE of Falls City, Texas","time":1715049806733,"updated":1715050304553,"tz":null,"url":"https://earthquake.usgs.gov/earthquakes/eventpage/tx2024iygi","detail":"https://earthquake.usgs.gov/earthquakes/feed/v1.0/detail/tx2024iygi.geojson","felt":null,"cdi":null,"mmi":null,"alert":null,"status":"automatic","tsunami":0,"sig":89,"net":"tx","code":"2024iygi","ids":",tx2024iygi,","sources":",tx,","types":",origin,phase-data,","nst":29,"dmin":0.1,"rms":1,"gap":101,"magType":"ml","type":"earthquake","title":"M 2.4 - 3 km NE of Falls City, Texas"},"geometry":{"type":"Point","coordinates":[-97.991,29.003,6.6053]},"id":"tx2024iygi"},
{"type":"Feature","properties":{"mag":2.01,"place":"10 km SSW of Volcano, Hawaii","time":1715048947800,"updated":1715049104280,"tz":null,"url":"https://earthquake.usgs.gov/earthquakes/eventpage/hv74216897","detail":"https://earthquake.usgs.gov/earthquakes/feed/v1.0/detail/hv74216897.geojson","felt":null,"cdi":null,"mmi":null,"alert":null,"status":"automatic","tsunami":0,"sig":62,"net":"hv","code":"74216897","ids":",hv74216897,","sources":",hv,","types":",origin,phase-data,","nst":18,"dmin":0.02134,"rms":0.119999997,"gap":67,"magType":"ml","type":"earthquake","title":"M 2.0 - 10 km SSW of Volcano, Hawaii"},"geometry":{"type":"Point","coordinates":[-155.284332275391,19.3633327484131,-0.270000010728836]},"id":"hv74216897"},
{"type":"Feature","properties":{"mag":1.05,"place":"8 km NW of The Geysers, CA","time":1715048510040,"updated":1715048605547,"tz":null,"url":"https://earthquake.usgs.gov/earthquakes/eventpage/nc75002566","detail":"https://earthquake.usgs.gov/earthquakes/feed/v1.0/detail/nc75002566.geojson","felt":null,"cdi":null,"mmi":null,"alert":null,"status":"automatic","tsunami":0,"sig":17,"net":"nc","code":"75002566","ids":",nc75002566,","sources":",nc,","types":",nearby-cities,origin,phase-data,","nst":17,"dmin":0.008585,"rms":0.02,"gap":63,"magType":"md","type":"earthquake","title":"M 1.1 - 8 km NW of The Geysers, CA"},"geometry":{"type":"Point","coordinates":[-122.824836730957,38.8263320922852,0.740000009536743]},"id":"nc75002566"},
{"type":"Feature","properties":{"mag":1.11,"place":"3 km NNW of Palomar Observatory, CA","time":1715048074880,"updated":1715048457465,"tz":null,"url":"https://earthquake.usgs.gov/earthquakes/eventpage/ci40741608","detail":"https://earthquake.usgs.gov/earthquakes/feed/v1.0/detail/ci40741608.geojson","felt":null,"cdi":null,"mmi":null,"alert":null,"status":"automatic","tsunami":0,"sig":19,"net":"ci","code":"40741608","ids":",ci40741608,","sources":",ci,","types":",nearby-cities,origin,phase-data,scitech-link,","nst":61,"dmin":0.03229,"rms":0.26,"gap":25,"magType":"ml","type":"earthquake","title":"M 1.1 - 3 km NNW of Palomar Observatory, CA"},"geometry":{"type":"Point","coordinates":[-116.877,33.3836667,0.44]},"id":"ci40741608"},
{"type":"Feature","properties":{"mag":1.08,"place":"7 km NW of The Geysers, CA","time":1715047822440,"updated":1715048499785,"tz":null,"url":"https://earthquake.usgs.gov/earthquakes/eventpage/nc75002561","detail":"https://earthquake.usgs.gov/earthquakes/feed/v1.0/detail/nc75002561.geojson","felt":1,"cdi":0,"mmi":null,"alert":null,"status":"automatic","tsunami":0,"sig":18,"net":"nc","code":"75002561","ids":",nc75002561,","sources":",nc,","types":",dyfi,nearby-cities,origin,phase-data,","nst":25,"dmin":0.006528,"rms":0.02,"gap":54,"magType":"md","type":"earthquake","title":"M 1.1 - 7 km NW of The Geysers, CA"},"geometry":{"type":"Point","coordinates":[-122.820831298828,38.8091659545898,2.98000001907349]},"id":"nc75002561"},
{"type":"Feature","properties":{"mag":3.28,"place":"74 km NW of San Antonio, Puerto Rico","time":1715047735330,"updated":1715048789600,"tz":null,"url":"https://earthquake.usgs.gov/earthquakes/eventpage/pr71447988","detail":"https://earthquake.usgs.gov/earthquakes/feed/v1.0/detail/pr71447988.geojson","felt":null,"cdi":null,"mmi":null,"alert":null,"status":"reviewed","tsunami":0,"sig":166,"net":"pr","code":"71447988","ids":",pr71447988,","sources":",pr,","types":",origin,phase-data,","nst":9,"dmin":0.6814,"rms":0.47,"gap":213,"magType":"md","type":"earthquake","title":"M 3.3 - 74 km NW of San Antonio, Puerto Rico"},"geometry":{"type":"Point","coordinates":[-67.5755,18.9905,44.81]},"id":"pr71447988"},
{"type":"Feature","properties":{"mag":1.6,"place":"56 km NNW of Rampart, Alaska","time":1715047043191,"updated":1715047159537,"tz":null,"url":"https://earthquake.usgs.gov/earthquakes/eventpage/ak0245vpq4f3","detail":"https://earthquake.usgs.gov/earthquakes/feed/v1.0/detail/ak0245vpq4f3.geojson","felt":null,"cdi":null,"mmi":null,"alert":null,"status":"automatic","tsunami":0,"sig":39,"net":"ak","code":"0245vpq4f3","ids":",ak0245vpq4f3,","sources":",ak,","types":",origin,phase-data,","nst":null,"dmin":null,"rms":0.82,"gap":null,"magType":"ml","type":"earthquake","title":"M 1.6 - 56 km NNW of Rampart, Alaska"},"geometry":{"type":"Point","coordinates":[-150.7466,65.9531,2.1]},"id":"ak0245vpq4f3"},
{"type":"Feature","properties":{"mag":0.8,"place":"22 km NE of Manley Hot Springs, Alaska","time":1715046770846,"updated":1715046916957,"tz":null,"url":"https://earthquake.usgs.gov/earthquakes/eventpage/ak0245vpp3z0","detail":"https://earthquake.usgs.gov/earthquakes/feed/v1.0/detail/ak0245vpp3z0.geojson","felt":null,"cdi":null,"mmi":null,"alert":null,"status":"automatic","tsunami":0,"sig":10,"net":"ak","code":"0245vpp3z0","ids":",ak0245vpp3z0,","sources":",ak,","types":",origin,phase-data,","nst":null,"dmin":null,"rms":0.74,"gap":null,"magType":"ml","type":"earthquake","title":"M 0.8 - 22 km NE of Manley Hot Springs, Alaska"},"geometry":{"type":"Point","coordinates":[-150.3539,65.1677,9.8]},"id":"ak0245vpp3z0"},
{"type":"Feature","properties":{"mag":0.75,"place":"13 km WNW of Anza, CA","time":1715046376290,"updated":1715046791997,"tz":null,"url":"https://earthquake.usgs.gov/earthquakes/eventpage/ci40741592","detail":"https://earthquake.usgs.gov/earthquakes/feed/v1.0/detail/ci40741592.geojson","felt":null,"cdi":null,"mmi":null,"alert":null,"status":"automatic","tsunami":0,"sig":9,"net":"ci","code":"40741592","ids":",ci40741592,","sources":",ci,","types":",nearby-cities,origin,phase-data,scitech-link,","nst":38,"dmin":0.03658,"rms":0.15,"gap":43,"magType":"ml","type":"earthquake","title":"M 0.8 - 13 km WNW of Anza, CA"},"geometry":{"type":"Point","coordinates":[-116.8055,33.5816667,7.84]},"id":"ci40741592"},
{"type":"Feature","properties":{"mag":1.52,"place":"13 km W of Anza, CA","time":1715046317780,"updated":1715046964440,"tz":null,"url":"https://earthquake.usgs.gov/earthquakes/eventpage/ci40741584","detail":"https://earthquake.usgs.gov/earthquakes/feed/v1.0/detail/ci40741584.geojson","felt":null,"cdi":null,"mmi":null,"alert":null,"status":"automatic","tsunami":0,"sig":36,"net":"ci","code":"40741584","ids":",ci40741584,","sources":",ci,","types":",focal-mechanism,nearby-cities,origin,phase-data,scitech-link,","nst":70,"dmin":0.04209,"rms":0.21,"gap":22,"magType":"ml","type":"earthquake","title":"M 1.5 - 13 km W of Anza, CA"},"geometry":{"type":"Point","coordinates":[-116.8105,33.5771667,7.91]},"id":"ci40741584"},
{"type":"Feature","properties":{"mag":1.74,"place":"7 km W of Mammoth Lakes, CA","time":1715046134510,"updated":1715046229874,"tz":null,"url":"https://earthquake.usgs.gov/earthquakes/eventpage/nc75002556","detail":"https://earthquake.usgs.gov/earthquakes/feed/v1.0/detail/nc75002556.geojson","felt":null,"cdi":null,"mmi":null,"alert":null,"status":"automatic","tsunami":0,"sig":47,"net":"nc","code":"75002556","ids":",nc75002556,","sources":",nc,","types":",nearby-cities,origin,phase-data,","nst":18,"dmin":0.0241,"rms":0.04,"gap":222,"magType":"md","type":"earthquake","title":"M 1.7 - 7 km W of Mammoth Lakes, CA"},"geometry":{"type":"Point","coordinates":[-119.053001403809,37.6241683959961,0.689999997615814]},"id":"nc75002556"},
{"type":"Feature","properties":{"mag":1.89999998,"place":"6 km SW of Volcano, Hawaii","time":1715046047230,"updated":1715046139890,"tz":null,"url":"https://earthquake.usgs.gov/earthquakes/eventpage/hv74216777","detail":"https://earthquake.usgs.gov/earthquakes/feed/v1.0/detail/hv74216777.geojson","felt":null,"cdi":null,"mmi":null,"alert":null,"status":"automatic","tsunami":0,"sig":56,"net":"hv","code":"74216777","ids":",hv74216777,","sources":",hv,","types":",origin,phase-data,","nst":10,"dmin":0.007759,"rms":0.200000003,"gap":107,"magType":"md","type":"earthquake","title":"M 1.9 - 6 km SW of Volcano, Hawaii"},"geometry":{"type":"Point","coordinates":[-155.280502319336,19.3996658325195,0.479999989271164]},"id":"hv74216777"},
{"type":"Feature","properties":{"mag":4.3,"place":"77 km ESE of Wangjing, India","time":1715046030168,"updated":1715051986040,"tz":null,"url":"https://earthquake.usgs.gov/earthquakes/eventpage/us6000mwva","detail":"https://earthquake.usgs.gov/earthquakes/feed/v1.0/detail/us6000mwva.geojson","felt":null,"cdi":null,"mmi":null,"alert":null,"status":"reviewed","tsunami":0,"sig":284,"net":"us","code":"6000mwva","ids":",us6000mwva,","sources":",us,","types":",origin,phase-data,","nst":42,"dmin":6.175,"rms":1,"gap":133,"magType":"mb","type":"earthquake","title":"M 4.3 - 77 km ESE of Wangjing, India"},"geometry":{"type":"Point","coordinates":[94.8085,24.4499,115.21]},"id":"us6000mwva"},
{"type":"Feature","properties":{"mag":1.74,"place":"6 km W of Mammoth Lakes, CA","time":1715045950930,"updated":1715046045081,"tz":null,"url":"https://earthquake.usgs.gov/earthquakes/eventpage/nc75002551","detail":"https://earthquake.usgs.gov/earthquakes/feed/v1.0/detail/nc75002551.geojson","felt":null,"cdi":null,"mmi":null,"alert":null,"status":"automatic","tsunami":0,"sig":47,"net":"nc","code":"75002551","ids":",nc75002551,","sources":",nc,","types":",nearby-cities,origin,phase-data,","nst":16,"dmin":0.02285,"rms":0.04,"gap":216,"magType":"md","type":"earthquake","title":"M 1.7 - 6 km W of Mammoth Lakes, CA"},"geometry":{"type":"Point","coordinates":[-119.050834655762,37.6243324279785,0.589999973773956]},"id":"nc75002551"},
{"type":"Feature","properties":{"mag":0.76,"place":"6 km WNW of Borrego Springs, CA","time":1715045295870,"updated":1715045667081,"tz":null,"url":"https://earthquake.usgs.gov/earthquakes/eventpage/ci40741576","detail":"https://earthquake.usgs.gov/earthquakes/feed/v1.0/detail/ci40741576.geojson","felt":null,"cdi":null,"mmi":null,"alert":null,"status":"automatic","tsunami":0,"sig":9,"net":"ci","code":"40741576","ids":",ci40741576,","sources":",ci,","types":",nearby-cities,origin,phase-data,scitech-link,","nst":37,"dmin":0.0146,"rms":0.21,"gap":52,"magType":"ml","type":"earthquake","title":"M 0.8 - 6 km WNW of Borrego Springs, CA"},"geometry":{"type":"Point","coordinates":[-116.4343333,33.2706667,4]},"id":"ci40741576"},
{"type":"Feature","properties":{"mag":1.09,"place":"7 km WNW of Cobb, CA","time":1715044799740,"updated":1715044895235,"tz":null,"url":"https://earthquake.usgs.gov/earthquakes/eventpage/nc75002546","detail":"https://earthquake.usgs.gov/earthquakes/feed/v1.0/detail/nc75002546.geojson","felt":null,"cdi":null,"mmi":null,"alert":null,"status":"automatic","tsunami":0,"sig":18,"net":"nc","code":"75002546","ids":",nc75002546,","sources":",nc,","types":",nearby-cities,origin,phase-data,","nst":13,"dmin":0.01263,"rms":0.02,"gap":63,"magType":"md","type":"earthquake","title":"M 1.1 - 7 km WNW of Cobb, CA"},"geometry":{"type":"Point","coordinates":[-122.806167602539,38.8356666564941,2.17000007629395]},"id":"nc75002546"},
{"type":"Feature","properties":{"mag":3.1,"place":"42 km NW of Toyah, Texas","time":1715044385779,"updated":1715046290040,"tz":null,"url":"https://earthquake.usgs.gov/earthquakes/eventpage/tx2024iydh","detail":"https://earthquake.usgs.gov/earthquakes/feed/v1.0/detail/tx2024iydh.geojson","felt":null,"cdi":null,"mmi":null,"alert":null,"status":"reviewed","tsunami":0,"sig":148,"net":"tx","code":"2024iydh","ids":",us6000mwv6,tx2024iydh,","sources":",us,tx,","types":",origin,phase-data,","nst":35,"dmin":0,"rms":0.1,"gap":70,"magType":"ml","type":"earthquake","title":"M 3.1 - 42 km NW of Toyah, Texas"},"geometry":{"type":"Point","coordinates":[-104.153,31.543,6.4331]},"id":"tx2024iydh"},
{"type":"Feature","properties":{"mag":0.9,"place":"18 km E of Little Lake, CA","time":1715044340620,"updated":1715044727534,"tz":null,"url":"https://earthquake.usgs.gov/earthquakes/eventpage/ci40741560","detail":"https://earthquake.usgs.gov/earthquakes/feed/v1.0/detail/ci40741560.geojson","felt":null,"cdi":null,"mmi":null,"alert":null,"status":"automatic","tsunami":0,"sig":12,"net":"ci","code":"40741560","ids":",ci40741560,","sources":",ci,","types":",nearby-cities,origin,phase-data,scitech-link,","nst":19,"dmin":0.05922,"rms":0.11,"gap":84,"magType":"ml","type":"earthquake","title":"M 0.9 - 18 km E of Little Lake, CA"},"geometry":{"type":"Point","coordinates":[-117.7056667,35.9091667,2.85]},"id":"ci40741560"},
{"type":"Feature","properties":{"mag":4.5,"place":"27 km ENE of Kainantu, Papua New Guinea","time":1715044274398,"updated":1715047378040,"tz":null,"url":"https://earthquake.usgs.gov/earthquakes/eventpage/us6000mwvb","detail":"https://earthquake.usgs.gov/earthquakes/feed/v1.0/detail/us6000mwvb.geojson","felt":null,"cdi":null,"mmi":null,"alert":null,"status":"reviewed","tsunami":0,"sig":312,"net":"us","code":"6000mwvb","ids":",us6000mwvb,","sources":",us,","types":",origin,phase-data,","nst":30,"dmin":3.313,"rms":0.57,"gap":136,"magType":"mb","type":"earthquake","title":"M 4.5 - 27 km ENE of Kainantu, Papua New Guinea"},"geometry":{"type":"Point","coordinates":[146.1097,-6.2385,57.669]},"id":"us6000mwvb"},
{"type":"Feature","properties":{"mag":1.8,"place":"40 km NW of Valdez, Alaska","time":1715044248441,"updated":1715044369049,"tz":null,"url":"https://earthquake.usgs.gov/earthquakes/eventpage/ak0245vpg3po","detail":"https://earthquake.usgs.gov/earthquakes/feed/v1.0/detail/ak0245vpg3po.geojson","felt":null,"cdi":null,"mmi":null,"alert":null,"status":"automatic","tsunami":0,"sig":50,"net":"ak","code":"0245vpg3po","ids":",ak0245vpg3po,","sources":",ak,","types":",origin,phase-data,","nst":null,"dmin":null,"rms":0.53,"gap":null,"magType":"ml","type":"earthquake","title":"M 1.8 - 40 km NW of Valdez, Alaska"},"geometry":{"type":"Point","coordinates":[-146.8403,61.4009,22.6]},"id":"ak0245vpg3po"},
{"type":"Feature","properties":{"mag":4.9,"place":"South Sandwich Islands region","time":1715042546541,"updated":1715043507040,"tz":null,"url":"https://earthquake.usgs.gov/earthquakes/eventpage/us6000mwuy","detail":"https://earthquake.usgs.gov/earthquakes/feed/v1.0/detail/us6000mwuy.geojson","felt":null,"cdi":null,"mmi":null,"alert":null,"status":"reviewed","tsunami":0,"sig":369,"net":"us","code":"6000mwuy","ids":",us6000mwuy,","sources":",us,","types":",origin,phase-data,","nst":35,"dmin":4.276,"rms":0.93,"gap":82,"magType":"mb","type":"earthquake","title":"M 4.9 - South Sandwich Islands region"},"geometry":{"type":"Point","coordinates":[-29.3072,-55.2806,10]},"id":"us6000mwuy"},
{"type":"Feature","properties":{"mag":1.77,"place":"7 km SW of Volcano, Hawaii","time":1715041398720,"updated":1715041555750,"tz":null,"url":"https://earthquake.usgs.gov/earthquakes/eventpage/hv74216627","detail":"https://earthquake.usgs.gov/earthquakes/feed/v1.0/detail/hv74216627.geojson","felt":null,"cdi":null,"mmi":null,"alert":null,"status":"automatic","tsunami":0,"sig":48,"net":"hv","code":"74216627","ids":",hv74216627,","sources":",hv,","types":",origin,phase-data,","nst":14,"dmin":0.005849,"rms":0.180000007,"gap":58,"magType":"ml","type":"earthquake","title":"M 1.8 - 7 km SW of Volcano, Hawaii"},"geometry":{"type":"Point","coordinates":[-155.276168823242,19.3899993896484,0.469999998807907]},"id":"hv74216627"},
{"type":"Feature","properties":{"mag":1.93,"place":"8 km SW of Volcano, Hawaii","time":1715041368500,"updated":1715041526130,"tz":null,"url":"https://earthquake.usgs.gov/earthquakes/eventpage/hv74216622","detail":"https://earthquake.usgs.gov/earthquakes/feed/v1.0/detail/hv74216622.geojson","felt":null,"cdi":null,"mmi":null,"alert":null,"status":"automatic","tsunami":0,"sig":57,"net":"hv","code":"74216622","ids":",hv74216622,","sources":",hv,","types":",origin,phase-data,","nst":10,"dmin":0.005494,"rms":0.109999999,"gap":174,"magType":"ml","type":"earthquake","title":"M 1.9 - 8 km SW of Volcano, Hawaii"},"geometry":{"type":"Point","coordinates":[-155.280334472656,19.3811664581299,0.709999978542328]},"id":"hv74216622"},
{"type":"Feature","properties":{"mag":0.76,"place":"8 km NNW of The Geysers, CA","time":1715040924170,"updated":1715041020113,"tz":null,"url":"https://earthquake.usgs.gov/earthquakes/eventpage/nc75002536","detail":"https://earthquake.usgs.gov/earthquakes/feed/v1.0/detail/nc75002536.geojson","felt":null,"cdi":null,"mmi":null,"alert":null,"status":"automatic","tsunami":0,"sig":9,"net":"nc","code":"75002536","ids":",nc75002536,","sources":",nc,","types":",nearby-cities,origin,phase-data,","nst":13,"dmin":0.007351,"rms":0.02,"gap":79,"magType":"md","type":"earthquake","title":"M 0.8 - 8 km NNW of The Geysers, CA"},"geometry":{"type":"Point","coordinates":[-122.815002441406,38.8296661376953,2.1800000667572]},"id":"nc75002536"},
{"type":"Feature","properties":{"mag":2.47,"place":"6 km SW of Volcano, Hawaii","time":1715040043640,"updated":1715040200700,"tz":null,"url":"https://earthquake.usgs.gov/earthquakes/eventpage/hv74216582","detail":"https://earthquake.usgs.gov/earthquakes/feed/v1.0/detail/hv74216582.geojson","felt":null,"cdi":null,"mmi":null,"alert":null,"status":"automatic","tsunami":0,"sig":94,"net":"hv","code":"74216582","ids":",hv74216582,","sources":",hv,","types":",origin,phase-data,","nst":33,"dmin":0.003506,"rms":0.25999999,"gap":40,"magType":"ml","type":"earthquake","title":"M 2.5 - 6 km SW of Volcano, Hawaii"},"geometry":{"type":"Point","coordinates":[-155.27082824707,19.3976669311523,0.970000028610229]},"id":"hv74216582"},
{"type":"Feature","properties":{"mag":1.86,"place":"40 km WSW of Ludlow, CA","time":1715039530790,"updated":1715040176240,"tz":null,"url":"https://earthquake.usgs.gov/earthquakes/eventpage/ci40741528","detail":"https://earthquake.usgs.gov/earthquakes/feed/v1.0/detail/ci40741528.geojson","felt":null,"cdi":null,"mmi":null,"alert":null,"status":"automatic","tsunami":0,"sig":53,"net":"ci","code":"40741528","ids":",ci40741528,","sources":",ci,","types":",focal-mechanism,nearby-cities,origin,phase-data,scitech-link,","nst":33,"dmin":0.133,"rms":0.14,"gap":49,"magType":"ml","type":"earthquake","title":"M 1.9 - 40 km WSW of Ludlow, CA"},"geometry":{"type":"Point","coordinates":[-116.5301667,34.5356667,4.97]},"id":"ci40741528"},
{"type":"Feature","properties":{"mag":1.1,"place":"24 km SW of Manley Hot Springs, Alaska","time":1715039502214,"updated":1715039619082,"tz":null,"url":"https://earthquake.usgs.gov/earthquakes/eventpage/ak0245uf92el","detail":"https://earthquake.usgs.gov/earthquakes/feed/v1.0/detail/ak0245uf92el.geojson","felt":null,"cdi":null,"mmi":null,"alert":null,"status":"automatic","tsunami":0,"sig":19,"net":"ak","code":"0245uf92el","ids":",ak0245uf92el,","sources":",ak,","types":",origin,phase-data,","nst":null,"dmin":null,"rms":0.76,"gap":null,"magType":"ml","type":"earthquake","title":"M 1.1 - 24 km SW of Manley Hot Springs, Alaska"},"geometry":{"type":"Point","coordinates":[-151.0581,64.8808,10.1]},"id":"ak0245uf92el"},
{"type":"Feature","properties":{"mag":1.04,"place":"7 km NNW of The Geysers, CA","time":1715039191960,"updated":1715039289289,"tz":null,"url":"https://earthquake.usgs.gov/earthquakes/eventpage/nc75002511","detail":"https://earthquake.usgs.gov/earthquakes/feed/v1.0/detail/nc75002511.geojson","felt":null,"cdi":null,"mmi":null,"alert":null,"status":"automatic","tsunami":0,"sig":17,"net":"nc","code":"75002511","ids":",nc75002511,","sources":",nc,","types":",nearby-cities,origin,phase-data,","nst":16,"dmin":0.01911,"rms":0.02,"gap":72,"magType":"md","type":"earthquake","title":"M 1.0 - 7 km NNW of The Geysers, CA"},"geometry":{"type":"Point","coordinates":[-122.809501647949,38.8264999389648,1.51999998092651]},"id":"nc75002511"},
{"type":"Feature","properties":{"mag":1.22,"place":"10 km NE of Coso Junction, CA","time":1715038607210,"updated":1715038988609,"tz":null,"url":"https://earthquake.usgs.gov/earthquakes/eventpage/ci40741512","detail":"https://earthquake.usgs.gov/earthquakes/feed/v1.0/detail/ci40741512.geojson","felt":null,"cdi":null,"mmi":null,"alert":null,"status":"automatic","tsunami":0,"sig":23,"net":"ci","code":"40741512","ids":",ci40741512,","sources":",ci,","types":",nearby-cities,origin,phase-data,scitech-link,","nst":23,"dmin":0.02275,"rms":0.15,"gap":121,"magType":"ml","type":"earthquake","title":"M 1.2 - 10 km NE of Coso Junction, CA"},"geometry":{"type":"Point","coordinates":[-117.8826667,36.1208333,7.67]},"id":"ci40741512"},
{"type":"Feature","properties":{"mag":1.55,"place":"5 km NW of Boron, CA","time":1715038479010,"updated":1715038902574,"tz":null,"url":"https://earthquake.usgs.gov/earthquakes/eventpage/ci40741504","detail":"https://earthquake.usgs.gov/earthquakes/feed/v1.0/detail/ci40741504.geojson","felt":null,"cdi":null,"mmi":null,"alert":null,"status":"automatic","tsunami":0,"sig":37,"net":"ci","code":"40741504","ids":",ci40741504,","sources":",ci,","types":",nearby-cities,origin,phase-data,scitech-link,","nst":37,"dmin":0.0985,"rms":0.25,"gap":63,"magType":"ml","type":"earthquake","title":"M 1.6 - 5 km NW of Boron, CA"},"geometry":{"type":"Point","coordinates":[-117.6828333,35.0325,-0.85]},"id":"ci40741504"},
{"type":"Feature","properties":{"mag":4.5,"place":"42 km NNW of Poso, Indonesia","time":1715038422393,"updated":1715041585040,"tz":null,"url":"https://earthquake.usgs.gov/earthquakes/eventpage/us6000mwur","detail":"https://earthquake.usgs.gov/earthquakes/feed/v1.0/detail/us6000mwur.geojson","felt":null,"cdi":null,"mmi":null,"alert":null,"status":"reviewed","tsunami":0,"sig":312,"net":"us","code":"6000mwur","ids":",us6000mwur,","sources":",us,","types":",origin,phase-data,","nst":37,"dmin":2.159,"rms":0.72,"gap":69,"magType":"mb","type":"earthquake","title":"M 4.5 - 42 km NNW of Poso, Indonesia"},"geometry":{"type":"Point","coordinates":[120.5782,-1.0523,10]},"id":"us6000mwur"},
{"type":"Feature","properties":{"mag":1.3,"place":"7 km NW of The Geysers, CA","time":1715037909820,"updated":1715038004149,"tz":null,"url":"https://earthquake.usgs.gov/earthquakes/eventpage/nc75002501","detail":"https://earthquake.usgs.gov/earthquakes/feed/v1.0/detail/nc75002501.geojson","felt":null,"cdi":null,"mmi":null,"alert":null,"status":"automatic","tsunami":0,"sig":26,"net":"nc","code":"75002501","ids":",nc75002501,","sources":",nc,","types":",nearby-cities,origin,phase-data,","nst":21,"dmin":0.008303,"rms":0.02,"gap":54,"magType":"md","type":"earthquake","title":"M 1.3 - 7 km NW of The Geysers, CA"},"geometry":{"type":"Point","coordinates":[-122.821998596191,38.814998626709,2.19000005722046]},"id":"nc75002501"},
{"type":"Feature","properties":{"mag":0.71,"place":"8 km NW of Aguanga, CA","time":1715037215360,"updated":1715037596358,"tz":null,"url":"https://earthquake.usgs.gov/earthquakes/eventpage/ci40741496","detail":"https://earthquake.usgs.gov/earthquakes/feed/v1.0/detail/ci40741496.geojson","felt":null,"cdi":null,"mmi":null,"alert":null,"status":"automatic","tsunami":0,"sig":8,"net":"ci","code":"40741496","ids":",ci40741496,","sources":",ci,","types":",nearby-cities,origin,phase-data,scitech-link,","nst":30,"dmin":0.08963,"rms":0.18,"gap":38,"magType":"ml","type":"earthquake","title":"M 0.7 - 8 km NW of Aguanga, CA"},"geometry":{"type":"Point","coordinates":[-116.9153333,33.4963333,8.4]},"id":"ci40741496"},
{"type":"Feature","properties":{"mag":2.1,"place":"57 km S of Whites City, New Mexico","time":1715036879540,"updated":1715039431293,"tz":null,"url":"https://earthquake.usgs.gov/earthquakes/eventpage/tx2024ixze","detail":"https://earthquake.usgs.gov/earthquakes/feed/v1.0/detail/tx2024ixze.geojson","felt":null,"cdi":null,"mmi":null,"alert":null,"status":"automatic","tsunami":0,"sig":68,"net":"tx","code":"2024ixze","ids":",tx2024ixze,","sources":",tx,","types":",origin,phase-data,","nst":18,"dmin":0,"rms":0.2,"gap":69,"magType":"ml","type":"earthquake","title":"M 2.1 - 57 km S of Whites City, New Mexico"},"geometry":{"type":"Point","coordinates":[-104.319,31.656,4.2301]},"id":"tx2024ixze"},
{"type":"Feature","properties":{"mag":1.74,"place":"6 km SSW of Volcano, Hawaii","time":1715036345710,"updated":1715036501690,"tz":null,"url":"https://earthquake.usgs.gov/earthquakes/eventpage/hv74216472","detail":"https://earthquake.usgs.gov/earthquakes/feed/v1.0/detail/hv74216472.geojson","felt":null,"cdi":null,"mmi":null,"alert":null,"status":"automatic","tsunami":0,"sig":47,"net":"hv","code":"74216472","ids":",hv74216472,","sources":",hv,","types":",origin,phase-data,","nst":12,"dmin":0.0026,"rms":0.109999999,"gap":92,"magType":"ml","type":"earthquake","title":"M 1.7 - 6 km SSW of Volcano, Hawaii"},"geometry":{"type":"Point","coordinates":[-155.248840332031,19.3866672515869,1.37999999523163]},"id":"hv74216472"},
{"type":"Feature","properties":{"mag":2.32,"place":"5 km SSW of Volcano, Hawaii","time":1715036243660,"updated":1715036403760,"tz":null,"url":"https://earthquake.usgs.gov/earthquakes/eventpage/hv74216467","detail":"https://earthquake.usgs.gov/earthquakes/feed/v1.0/detail/hv74216467.geojson","felt":null,"cdi":null,"mmi":null,"alert":null,"status":"automatic","tsunami":0,"sig":83,"net":"hv","code":"74216467","ids":",hv74216467,","sources":",hv,","types":",origin,phase-data,","nst":26,"dmin":0.006656,"rms":0.209999993,"gap":43,"magType":"ml","type":"earthquake","title":"M 2.3 - 5 km SSW of Volcano, Hawaii"},"geometry":{"type":"Point","coordinates":[-155.248168945312,19.3915004730225,1.13999998569489]},"id":"hv74216467"},
{"type":"Feature","properties":{"mag":0.27,"place":"4 km NNW of The Geysers, CA","time":1715035697420,"updated":1715035794691,"tz":null,"url":"https://earthquake.usgs.gov/earthquakes/eventpage/nc75002496","detail":"https://earthquake.usgs.gov/earthquakes/feed/v1.0/detail/nc75002496.geojson","felt":null,"cdi":null,"mmi":null,"alert":null,"status":"automatic","tsunami":0,"sig":1,"net":"nc","code":"75002496","ids":",nc75002496,","sources":",nc,","types":",nearby-cities,origin,phase-data,","nst":7,"dmin":0.005291,"rms":0.01,"gap":108,"magType":"md","type":"earthquake","title":"M 0.3 - 4 km NNW of The Geysers, CA"},"geometry":{"type":"Point","coordinates":[-122.78150177002,38.8079986572266,1.25999999046326]},"id":"nc75002496"},
{"type":"Feature","properties":{"mag":2.54,"place":"6 km S of Volcano, Hawaii","time":1715035431900,"updated":1715035714560,"tz":null,"url":"https://earthquake.usgs.gov/earthquakes/eventpage/hv74216437","detail":"https://earthquake.usgs.gov/earthquakes/feed/v1.0/detail/hv74216437.geojson","felt":null,"cdi":null,"mmi":null,"alert":null,"status":"automatic","tsunami":0,"sig":99,"net":"hv","code":"74216437","ids":",hv74216437,","sources":",hv,","types":",origin,phase-data,","nst":31,"dmin":0.006269,"rms":0.349999994,"gap":61,"magType":"ml","type":"earthquake","title":"M 2.5 - 6 km S of Volcano, Hawaii"},"geometry":{"type":"Point","coordinates":[-155.246337890625,19.3813323974609,1.0900000333786]},"id":"hv74216437"},
{"type":"Feature","properties":{"mag":1.8,"place":"2 km SE of Wasilla, Alaska","time":1715035381931,"updated":1715035504925,"tz":null,"url":"https://earthquake.usgs.gov/earthquakes/eventpage/ak0245ueltyp","detail":"https://earthquake.usgs.gov/earthquakes/feed/v1.0/detail/ak0245ueltyp.geojson","felt":null,"cdi":null,"mmi":null,"alert":null,"status":"automatic","tsunami":0,"sig":50,"net":"ak","code":"0245ueltyp","ids":",ak0245ueltyp,","sources":",ak,","types":",origin,phase-data,","nst":null,"dmin":null,"rms":0.67,"gap":null,"magType":"ml","type":"earthquake","title":"M 1.8 - 2 km SE of Wasilla, Alaska"},"geometry":{"type":"Point","coordinates":[-149.409,61.5616,28]},"id":"ak0245ueltyp"},
{"type":"Feature","properties":{"mag":2.42,"place":"6 km SSW of Volcano, Hawaii","time":1715035072680,"updated":1715035230000,"tz":null,"url":"https://earthquake.usgs.gov/earthquakes/eventpage/hv74216417","detail":"https://earthquake.usgs.gov/earthquakes/feed/v1.0/detail/hv74216417.geojson","felt":null,"cdi":null,"mmi":null,"alert":null,"status":"automatic","tsunami":0,"sig":90,"net":"hv","code":"74216417","ids":",hv74216417,","sources":",hv,","types":",origin,phase-data,","nst":30,"dmin":0.003651,"rms":0.219999999,"gap":53,"magType":"ml","type":"earthquake","title":"M 2.4 - 6 km SSW of Volcano, Hawaii"},"geometry":{"type":"Point","coordinates":[-155.248840332031,19.388334274292,1.69000005722046]},"id":"hv74216417"},
{"type":"Feature","properties":{"mag":3,"place":"21 km SW of Jal, New Mexico","time":1715034908265,"updated":1715035819884,"tz":null,"url":"https://earthquake.usgs.gov/earthquakes/eventpage/tx2024ixyc","detail":"https://earthquake.usgs.gov/earthquakes/feed/v1.0/detail/tx2024ixyc.geojson","felt":null,"cdi":null,"mmi":null,"alert":null,"status":"reviewed","tsunami":0,"sig":138,"net":"tx","code":"2024ixyc","ids":",us6000mwuf,tx2024ixyc,","sources":",us,tx,","types":",origin,phase-data,","nst":24,"dmin":0,"rms":0.1,"gap":56,"magType":"ml","type":"earthquake","title":"M 3.0 - 21 km SW of Jal, New Mexico"},"geometry":{"type":"Point","coordinates":[-103.335,31.965,7.4329]},"id":"tx2024ixyc"},
{"type":"Feature","properties":{"mag":1.7,"place":"6 km SW of Volcano, Hawaii","time":1715034545110,"updated":1715034703450,"tz":null,"url":"https://earthquake.usgs.gov/earthquakes/eventpage/hv74216402","detail":"https://earthquake.usgs.gov/earthquakes/feed/v1.0/detail/hv74216402.geojson","felt":null,"cdi":null,"mmi":null,"alert":null,"status":"automatic","tsunami":0,"sig":44,"net":"hv","code":"74216402","ids":",hv74216402,","sources":",hv,","types":",origin,phase-data,","nst":13,"dmin":0.002536,"rms":0.140000001,"gap":62,"magType":"ml","type":"earthquake","title":"M 1.7 - 6 km SW of Volcano, Hawaii"},"geometry":{"type":"Point","coordinates":[-155.276168823242,19.3945007324219,1.22000002861023]},"id":"hv74216402"},
{"type":"Feature","properties":{"mag":1.7,"place":"68 km W of Karluk, Alaska","time":1715034388955,"updated":1715034475309,"tz":null,"url":"https://earthquake.usgs.gov/earthquakes/eventpage/ak0245uei8vj","detail":"https://earthquake.usgs.gov/earthquakes/feed/v1.0/detail/ak0245uei8vj.geojson","felt":null,"cdi":null,"mmi":null,"alert":null,"status":"automatic","tsunami":0,"sig":44,"net":"ak","code":"0245uei8vj","ids":",ak0245uei8vj,","sources":",ak,","types":",origin,phase-data,","nst":null,"dmin":null,"rms":0.35,"gap":null,"magType":"ml","type":"earthquake","title":"M 1.7 - 68 km W of Karluk, Alaska"},"geometry":{"type":"Point","coordinates":[-155.5895,57.476,12.6]},"id":"ak0245uei8vj"},
{"type":"Feature","properties":{"mag":1.6,"place":"22 km SW of Jal, New Mexico","time":1715034247211,"updated":1715035353829,"tz":null,"url":"https://earthquake.usgs.gov/earthquakes/eventpage/tx2024ixxs","detail":"https://earthquake.usgs.gov/earthquakes/feed/v1.0/detail/tx2024ixxs.geojson","felt":null,"cdi":null,"mmi":null,"alert":null,"status":"automatic","tsunami":0,"sig":39,"net":"tx","code":"2024ixxs","ids":",tx2024ixxs,","sources":",tx,","types":",origin,phase-data,","nst":6,"dmin":0,"rms":0.3,"gap":247,"magType":"ml","type":"earthquake","title":"M 1.6 - 22 km SW of Jal, New Mexico"},"geometry":{"type":"Point","coordinates":[-103.35,31.96,9.4495]},"id":"tx2024ixxs"},
{"type":"Feature","properties":{"mag":1.55,"place":"6 km W of Edison, Washington","time":1715034120820,"updated":1715036264860,"tz":null,"url":"https://earthquake.usgs.gov/earthquakes/eventpage/uw61995067","detail":"https://earthquake.usgs.gov/earthquakes/feed/v1.0/detail/uw61995067.geojson","felt":null,"cdi":null,"mmi":null,"alert":null,"status":"reviewed","tsunami":0,"sig":37,"net":"uw","code":"61995067","ids":",uw61995067,","sources":",uw,","types":",origin,phase-data,","nst":21,"dmin":0.06503,"rms":0.08,"gap":67,"magType":"ml","type":"earthquake","title":"M 1.6 - 6 km W of Edison, Washington"},"geometry":{"type":"Point","coordinates":[-122.53283333333333,48.553666666666665,20.45]},"id":"uw61995067"},
{"type":"Feature","properties":{"mag":1.96000004,"place":"6 km S of Volcano, Hawaii","time":1715034062010,"updated":1715034152060,"tz":null,"url":"https://earthquake.usgs.gov/earthquakes/eventpage/hv74216377","detail":"https://earthquake.usgs.gov/earthquakes/feed/v1.0/detail/hv74216377.geojson","felt":null,"cdi":null,"mmi":null,"alert":null,"status":"automatic","tsunami":0,"sig":59,"net":"hv","code":"74216377","ids":",hv74216377,","sources":",hv,","types":",origin,phase-data,","nst":17,"dmin":0.01237,"rms":0.150000006,"gap":84,"magType":"md","type":"earthquake","title":"M 2.0 - 6 km S of Volcano, Hawaii"},"geometry":{"type":"Point","coordinates":[-155.231674194336,19.3826675415039,2.02999997138977]},"id":"hv74216377"},
{"type":"Feature","properties":{"mag":1.2,"place":"28 km SSE of Minto, Alaska","time":1715033373703,"updated":1715033479659,"tz":null,"url":"https://earthquake.usgs.gov/earthquakes/eventpage/ak0245ueem2i","detail":"https://earthquake.usgs.gov/earthquakes/feed/v1.0/detail/ak0245ueem2i.geojson","felt":null,"cdi":null,"mmi":null,"alert":null,"status":"automatic","tsunami":0,"sig":22,"net":"ak","code":"0245ueem2i","ids":",ak0245ueem2i,","sources":",ak,","types":",origin,phase-data,","nst":null,"dmin":null,"rms":1.09,"gap":null,"magType":"ml","type":"earthquake","title":"M 1.2 - 28 km SSE of Minto, Alaska"},"geometry":{"type":"Point","coordinates":[-149.1876,64.9065,2.8]},"id":"ak0245ueem2i"},
{"type":"Feature","properties":{"mag":1.2,"place":"28 km SSE of Minto, Alaska","time":1715033307739,"updated":1715033413045,"tz":null,"url":"https://earthquake.usgs.gov/earthquakes/eventpage/ak0245ueedw5","detail":"https://earthquake.usgs.gov/earthquakes/feed/v1.0/detail/ak0245ueedw5.geojson","felt":null,"cdi":null,"mmi":null,"alert":null,"status":"automatic","tsunami":0,"sig":22,"net":"ak","code":"0245ueedw5","ids":",ak0245ueedw5,","sources":",ak,","types":",origin,phase-data,","nst":null,"dmin":null,"rms":0.62,"gap":null,"magType":"ml","type":"earthquake","title":"M 1.2 - 28 km SSE of Minto, Alaska"},"geometry":{"type":"Point","coordinates":[-149.155,64.9052,12.6]},"id":"ak0245ueedw5"},
{"type":"Feature","properties":{"mag":1.18,"place":"8 km SW of Corona, CA","time":1715031776360,"updated":1715032142812,"tz":null,"url":"https://earthquake.usgs.gov/earthquakes/eventpage/ci40741424","detail":"https://earthquake.usgs.gov/earthquakes/feed/v1.0/detail/ci40741424.geojson","felt":null,"cdi":null,"mmi":null,"alert":null,"status":"automatic","tsunami":0,"sig":21,"net":"ci","code":"40741424","ids":",ci40741424,","sources":",ci,","types":",nearby-cities,origin,phase-data,scitech-link,","nst":12,"dmin":0.02819,"rms":0.16,"gap":102,"magType":"ml","type":"earthquake","title":"M 1.2 - 8 km SW of Corona, CA"},"geometry":{"type":"Point","coordinates":[-117.6295,33.8178333,4.54]},"id":"ci40741424"},
{"type":"Feature","properties":{"mag":1.96,"place":"6 km ENE of Edmond, Oklahoma","time":1715031180873,"updated":1715033834934,"tz":null,"url":"https://earthquake.usgs.gov/earthquakes/eventpage/ok2024ixwb","detail":"https://earthquake.usgs.gov/earthquakes/feed/v1.0/detail/ok2024ixwb.geojson","felt":2,"cdi":2,"mmi":null,"alert":null,"status":"automatic","tsunami":0,"sig":60,"net":"ok","code":"2024ixwb","ids":",ok2024ixwb,","sources":",ok,","types":",dyfi,origin,phase-data,","nst":15,"dmin":0.1297127455,"rms":0.2801064783,"gap":118.9201813,"magType":"ml","type":"earthquake","title":"M 2.0 - 6 km ENE of Edmond, Oklahoma"},"geometry":{"type":"Point","coordinates":[-97.40734863,35.67380524,5.16986084]},"id":"ok2024ixwb"},
{"type":"Feature","properties":{"mag":1.78999996,"place":"5 km SSW of Volcano, Hawaii","time":1715030079990,"updated":1715030224490,"tz":null,"url":"https://earthquake.usgs.gov/earthquakes/eventpage/hv74216277","detail":"https://earthquake.usgs.gov/earthquakes/feed/v1.0/detail/hv74216277.geojson","felt":null,"cdi":null,"mmi":null,"alert":null,"status":"automatic","tsunami":0,"sig":49,"net":"hv","code":"74216277","ids":",hv74216277,","sources":",hv,","types":",origin,phase-data,","nst":14,"dmin":0.01304,"rms":0.159999996,"gap":56,"magType":"md","type":"earthquake","title":"M 1.8 - 5 km SSW of Volcano, Hawaii"},"geometry":{"type":"Point","coordinates":[-155.253173828125,19.3985004425049,1.57000005245209]},"id":"hv74216277"},
{"type":"Feature","properties":{"mag":1.81,"place":"14 km NNE of Stanley, Idaho","time":1715029854090,"updated":1715030534150,"tz":null,"url":"https://earthquake.usgs.gov/earthquakes/eventpage/mb90049643","detail":"https://earthquake.usgs.gov/earthquakes/feed/v1.0/detail/mb90049643.geojson","felt":null,"cdi":null,"mmi":null,"alert":null,"status":"reviewed","tsunami":0,"sig":50,"net":"mb","code":"90049643","ids":",mb90049643,","sources":",mb,","types":",origin,phase-data,","nst":12,"dmin":0.2221,"rms":0.14,"gap":84,"magType":"ml","type":"earthquake","title":"M 1.8 - 14 km NNE of Stanley, Idaho"},"geometry":{"type":"Point","coordinates":[-114.851333333333,44.3283333333333,7.25]},"id":"mb90049643"},
{"type":"Feature","properties":{"mag":1.28,"place":"8 km NW of The Geysers, CA","time":1715029689850,"updated":1715029784259,"tz":null,"url":"https://earthquake.usgs.gov/earthquakes/eventpage/nc75002476","detail":"https://earthquake.usgs.gov/earthquakes/feed/v1.0/detail/nc75002476.geojson","felt":null,"cdi":null,"mmi":null,"alert":null,"status":"automatic","tsunami":0,"sig":25,"net":"nc","code":"75002476","ids":",nc75002476,","sources":",nc,","types":",nearby-cities,origin,phase-data,","nst":22,"dmin":0.009363,"rms":0.02,"gap":70,"magType":"md","type":"earthquake","title":"M 1.3 - 8 km NW of The Geysers, CA"},"geometry":{"type":"Point","coordinates":[-122.829833984375,38.8146667480469,1.42999994754791]},"id":"nc75002476"},
{"type":"Feature","properties":{"mag":2.22,"place":"3 km S of Volcano, Hawaii","time":1715028966780,"updated":1715029124330,"tz":null,"url":"https://earthquake.usgs.gov/earthquakes/eventpage/hv74216242","detail":"https://earthquake.usgs.gov/earthquakes/feed/v1.0/detail/hv74216242.geojson","felt":null,"cdi":null,"mmi":null,"alert":null,"status":"automatic","tsunami":0,"sig":76,"net":"hv","code":"74216242","ids":",hv74216242,","sources":",hv,","types":",origin,phase-data,","nst":19,"dmin":0.007451,"rms":0.209999993,"gap":88,"magType":"ml","type":"earthquake","title":"M 2.2 - 3 km S of Volcano, Hawaii"},"geometry":{"type":"Point","coordinates":[-155.237335205078,19.4076671600342,1.58000004291534]},"id":"hv74216242"},
{"type":"Feature","properties":{"mag":2.36,"place":"4 km SSW of Volcano, Hawaii","time":1715028000990,"updated":1715028161070,"tz":null,"url":"https://earthquake.usgs.gov/earthquakes/eventpage/hv74216207","detail":"https://earthquake.usgs.gov/earthquakes/feed/v1.0/detail/hv74216207.geojson","felt":null,"cdi":null,"mmi":null,"alert":null,"status":"automatic","tsunami":0,"sig":86,"net":"hv","code":"74216207","ids":",hv74216207,","sources":",hv,","types":",origin,phase-data,","nst":13,"dmin":0.01245,"rms":0.25,"gap":90,"magType":"ml","type":"earthquake","title":"M 2.4 - 4 km SSW of Volcano, Hawaii"},"geometry":{"type":"Point","coordinates":[-155.245330810547,19.4044990539551,2.63000011444092]},"id":"hv74216207"},
{"type":"Feature","properties":{"mag":2.37,"place":"6 km S of Volcano, Hawaii","time":1715027948100,"updated":1715028104420,"tz":null,"url":"https://earthquake.usgs.gov/earthquakes/eventpage/hv74216202","detail":"https://earthquake.usgs.gov/earthquakes/feed/v1.0/detail/hv74216202.geojson","felt":null,"cdi":null,"mmi":null,"alert":null,"status":"automatic","tsunami":0,"sig":86,"net":"hv","code":"74216202","ids":",hv74216202,","sources":",hv,","types":",origin,phase-data,","nst":25,"dmin":0.005179,"rms":0.180000007,"gap":58,"magType":"ml","type":"earthquake","title":"M 2.4 - 6 km S of Volcano, Hawaii"},"geometry":{"type":"Point","coordinates":[-155.245834350586,19.3858337402344,1.73000001907349]},"id":"hv74216202"},
{"type":"Feature","properties":{"mag":1.7,"place":"78 km NNW of Hughes, Alaska","time":1715027887497,"updated":1715028075200,"tz":null,"url":"https://earthquake.usgs.gov/earthquakes/eventpage/ak0245uddwnz","detail":"https://earthquake.usgs.gov/earthquakes/feed/v1.0/detail/ak0245uddwnz.geojson","felt":null,"cdi":null,"mmi":null,"alert":null,"status":"automatic","tsunami":0,"sig":44,"net":"ak","code":"0245uddwnz","ids":",ak0245uddwnz,","sources":",ak,","types":",origin,phase-data,","nst":null,"dmin":null,"rms":0.57,"gap":null,"magType":"ml","type":"earthquake","title":"M 1.7 - 78 km NNW of Hughes, Alaska"},"geometry":{"type":"Point","coordinates":[-154.7455,66.7244,0]},"id":"ak0245uddwnz"},
{"type":"Feature","properties":{"mag":0.82,"place":"7 km WNW of Cobb, CA","time":1715027541460,"updated":1715027639072,"tz":null,"url":"https://earthquake.usgs.gov/earthquakes/eventpage/nc75002456","detail":"https://earthquake.usgs.gov/earthquakes/feed/v1.0/detail/nc75002456.geojson","felt":null,"cdi":null,"mmi":null,"alert":null,"status":"automatic","tsunami":0,"sig":10,"net":"nc","code":"75002456","ids":",nc75002456,","sources":",nc,","types":",nearby-cities,origin,phase-data,","nst":8,"dmin":0.01317,"rms":0.01,"gap":87,"magType":"md","type":"earthquake","title":"M 0.8 - 7 km WNW of Cobb, CA"},"geometry":{"type":"Point","coordinates":[-122.807167053223,38.8375015258789,2.1800000667572]},"id":"nc75002456"},
{"type":"Feature","properties":{"mag":1.71,"place":"6 km S of Volcano, Hawaii","time":1715027173120,"updated":1715027332070,"tz":null,"url":"https://earthquake.usgs.gov/earthquakes/eventpage/hv74216177","detail":"https://earthquake.usgs.gov/earthquakes/feed/v1.0/detail/hv74216177.geojson","felt":null,"cdi":null,"mmi":null,"alert":null,"status":"automatic","tsunami":0,"sig":45,"net":"hv","code":"74216177","ids":",hv74216177,","sources":",hv,","types":",origin,phase-data,","nst":15,"dmin":0.007735,"rms":0.0900000036,"gap":77,"magType":"ml","type":"earthquake","title":"M 1.7 - 6 km S of Volcano, Hawaii"},"geometry":{"type":"Point","coordinates":[-155.240173339844,19.3813323974609,2.15000009536743]},"id":"hv74216177"},
{"type":"Feature","properties":{"mag":0.55,"place":"18 km ESE of Anza, CA","time":1715026795690,"updated":1715027150879,"tz":null,"url":"https://earthquake.usgs.gov/earthquakes/eventpage/ci40741344","detail":"https://earthquake.usgs.gov/earthquakes/feed/v1.0/detail/ci40741344.geojson","felt":null,"cdi":null,"mmi":null,"alert":null,"status":"automatic","tsunami":0,"sig":5,"net":"ci","code":"40741344","ids":",ci40741344,","sources":",ci,","types":",nearby-cities,origin,phase-data,scitech-link,","nst":12,"dmin":0.0791,"rms":0.07,"gap":61,"magType":"ml","type":"earthquake","title":"M 0.6 - 18 km ESE of Anza, CA"},"geometry":{"type":"Point","coordinates":[-116.494,33.4845,8.51]},"id":"ci40741344"},
{"type":"Feature","properties":{"mag":1.76,"place":"16 km SW of Thatcher, Utah","time":1715026694630,"updated":1715029063290,"tz":null,"url":"https://earthquake.usgs.gov/earthquakes/eventpage/uu80068876","detail":"https://earthquake.usgs.gov/earthquakes/feed/v1.0/detail/uu80068876.geojson","felt":null,"cdi":null,"mmi":null,"alert":null,"status":"reviewed","tsunami":0,"sig":48,"net":"uu","code":"80068876","ids":",uu80068876,","sources":",uu,","types":",origin,phase-data,","nst":16,"dmin":0.1375,"rms":0.18,"gap":92,"magType":"ml","type":"earthquake","title":"M 1.8 - 16 km SW of Thatcher, Utah"},"geometry":{"type":"Point","coordinates":[-112.4305,41.592,1.77]},"id":"uu80068876"},
{"type":"Feature","properties":{"mag":1.55,"place":"10 km SSE of Port Angeles East, Washington","time":1715026642900,"updated":1715041777869,"tz":null,"url":"https://earthquake.usgs.gov/earthquakes/eventpage/uw61994987","detail":"https://earthquake.usgs.gov/earthquakes/feed/v1.0/detail/uw61994987.geojson","felt":1,"cdi":2.2,"mmi":null,"alert":null,"status":"reviewed","tsunami":0,"sig":37,"net":"uw","code":"61994987","ids":",uw61994987,","sources":",uw,","types":",dyfi,origin,phase-data,","nst":5,"dmin":0.1216,"rms":0.14,"gap":144,"magType":"ml","type":"explosion","title":"M 1.6 Explosion - 10 km SSE of Port Angeles East, Washington"},"geometry":{"type":"Point","coordinates":[-123.33616666666667,48.011833333333335,-0.35]},"id":"uw61994987"},
{"type":"Feature","properties":{"mag":1.9,"place":"55 km NW of Toyah, Texas","time":1715026361732,"updated":1715027737399,"tz":null,"url":"https://earthquake.usgs.gov/earthquakes/eventpage/tx2024ixtk","detail":"https://earthquake.usgs.gov/earthquakes/feed/v1.0/detail/tx2024ixtk.geojson","felt":null,"cdi":null,"mmi":null,"alert":null,"status":"automatic","tsunami":0,"sig":56,"net":"tx","code":"2024ixtk","ids":",tx2024ixtk,","sources":",tx,","types":",origin,phase-data,","nst":18,"dmin":0.1,"rms":0.6,"gap":76,"magType":"ml","type":"earthquake","title":"M 1.9 - 55 km NW of Toyah, Texas"},"geometry":{"type":"Point","coordinates":[-104.189,31.683,3.9209]},"id":"tx2024ixtk"},
{"type":"Feature","properties":{"mag":2.1,"place":"54 km NW of Toyah, Texas","time":1715026213612,"updated":1715027732351,"tz":null,"url":"https://earthquake.usgs.gov/earthquakes/eventpage/tx2024ixti","detail":"https://earthquake.usgs.gov/earthquakes/feed/v1.0/detail/tx2024ixti.geojson","felt":null,"cdi":null,"mmi":null,"alert":null,"status":"automatic","tsunami":0,"sig":68,"net":"tx","code":"2024ixti","ids":",tx2024ixti,","sources":",tx,","types":",origin,phase-data,","nst":17,"dmin":0.1,"rms":0.3,"gap":67,"magType":"ml","type":"earthquake","title":"M 2.1 - 54 km NW of Toyah, Texas"},"geometry":{"type":"Point","coordinates":[-104.197,31.666,5.6484]},"id":"tx2024ixti"},
{"type":"Feature","properties":{"mag":1.33,"place":"5 km S of Home Gardens, CA","time":1715026108910,"updated":1715026525829,"tz":null,"url":"https://earthquake.usgs.gov/earthquakes/eventpage/ci40741328","detail":"https://earthquake.usgs.gov/earthquakes/feed/v1.0/detail/ci40741328.geojson","felt":null,"cdi":null,"mmi":null,"alert":null,"status":"automatic","tsunami":0,"sig":27,"net":"ci","code":"40741328","ids":",ci40741328,","sources":",ci,","types":",nearby-cities,origin,phase-data,scitech-link,","nst":9,"dmin":0.06481,"rms":0.13,"gap":169,"magType":"ml","type":"earthquake","title":"M 1.3 - 5 km S of Home Gardens, CA"},"geometry":{"type":"Point","coordinates":[-117.5196667,33.8358333,2.36]},"id":"ci40741328"},
{"type":"Feature","properties":{"mag":4.8,"place":"206 km NE of Lospalos, Timor Leste","time":1715025856026,"updated":1715027875040,"tz":null,"url":"https://earthquake.usgs.gov/earthquakes/eventpage/us6000mwt7","detail":"https://earthquake.usgs.gov/earthquakes/feed/v1.0/detail/us6000mwt7.geojson","felt":null,"cdi":null,"mmi":null,"alert":null,"status":"reviewed","tsunami":0,"sig":354,"net":"us","code":"6000mwt7","ids":",us6000mwt7,","sources":",us,","types":",origin,phase-data,","nst":55,"dmin":3.199,"rms":0.95,"gap":52,"magType":"mb","type":"earthquake","title":"M 4.8 - 206 km NE of Lospalos, Timor Leste"},"geometry":{"type":"Point","coordinates":[128.5078,-7.4234,152.419]},"id":"us6000mwt7"},
{"type":"Feature","properties":{"mag":0.32,"place":"22 km ENE of Ashford, Washington","time":1715025761620,"updated":1715035731650,"tz":null,"url":"https://earthquake.usgs.gov/earthquakes/eventpage/uw61994977","detail":"https://earthquake.usgs.gov/earthquakes/feed/v1.0/detail/uw61994977.geojson","felt":null,"cdi":null,"mmi":null,"alert":null,"status":"reviewed","tsunami":0,"sig":2,"net":"uw","code":"61994977","ids":",uw61994977,","sources":",uw,","types":",origin,phase-data,","nst":17,"dmin":0.02603,"rms":0.07,"gap":65,"magType":"ml","type":"earthquake","title":"M 0.3 - 22 km ENE of Ashford, Washington"},"geometry":{"type":"Point","coordinates":[-121.76733333333334,46.846666666666664,0.15]},"id":"uw61994977"},
{"type":"Feature","properties":{"mag":1.2,"place":"33 km SW of Caliente, Nevada","time":1715025160766,"updated":1715040150424,"tz":null,"url":"https://earthquake.usgs.gov/earthquakes/eventpage/nn00877252","detail":"https://earthquake.usgs.gov/earthquakes/feed/v1.0/detail/nn00877252.geojson","felt":null,"cdi":null,"mmi":null,"alert":null,"status":"reviewed","tsunami":0,"sig":22,"net":"nn","code":"00877252","ids":",nn00877252,","sources":",nn,","types":",origin,phase-data,","nst":9,"dmin":0.253,"rms":0.1528,"gap":163.86,"magType":"ml","type":"earthquake","title":"M 1.2 - 33 km SW of Caliente, Nevada"},"geometry":{"type":"Point","coordinates":[-114.7358,37.37,8.8]},"id":"nn00877252"},
{"type":"Feature","properties":{"mag":1.84,"place":"6 km SW of Volcano, Hawaii","time":1715024753460,"updated":1715024910380,"tz":null,"url":"https://earthquake.usgs.gov/earthquakes/eventpage/hv74216097","detail":"https://earthquake.usgs.gov/earthquakes/feed/v1.0/detail/hv74216097.geojson","felt":null,"cdi":null,"mmi":null,"alert":null,"status":"automatic","tsunami":0,"sig":52,"net":"hv","code":"74216097","ids":",hv74216097,","sources":",hv,","types":",origin,phase-data,","nst":13,"dmin":0.001896,"rms":0.109999999,"gap":65,"magType":"ml","type":"earthquake","title":"M 1.8 - 6 km SW of Volcano, Hawaii"},"geometry":{"type":"Point","coordinates":[-155.275329589844,19.3943328857422,0.800000011920929]},"id":"hv74216097"},
{"type":"Feature","properties":{"mag":1.98,"place":"7 km SW of Volcano, Hawaii","time":1715024637170,"updated":1715024816660,"tz":null,"url":"https://earthquake.usgs.gov/earthquakes/eventpage/hv74216092","detail":"https://earthquake.usgs.gov/earthquakes/feed/v1.0/detail/hv74216092.geojson","felt":null,"cdi":null,"mmi":null,"alert":null,"status":"automatic","tsunami":0,"sig":60,"net":"hv","code":"74216092","ids":",hv74216092,","sources":",hv,","types":",origin,phase-data,","nst":18,"dmin":0.005911,"rms":0.129999995,"gap":58,"magType":"ml","type":"earthquake","title":"M 2.0 - 7 km SW of Volcano, Hawaii"},"geometry":{"type":"Point","coordinates":[-155.276672363281,19.3901672363281,1.73000001907349]},"id":"hv74216092"},
{"type":"Feature","properties":{"mag":1.72,"place":"9 km SW of Corona, CA","time":1715024583380,"updated":1715025229640,"tz":null,"url":"https://earthquake.usgs.gov/earthquakes/eventpage/ci40741296","detail":"https://earthquake.usgs.gov/earthquakes/feed/v1.0/detail/ci40741296.geojson","felt":null,"cdi":null,"mmi":null,"alert":null,"status":"automatic","tsunami":0,"sig":46,"net":"ci","code":"40741296","ids":",ci40741296,","sources":",ci,","types":",focal-mechanism,nearby-cities,origin,phase-data,scitech-link,","nst":56,"dmin":0.03391,"rms":0.21,"gap":24,"magType":"ml","type":"earthquake","title":"M 1.7 - 9 km SW of Corona, CA"},"geometry":{"type":"Point","coordinates":[-117.6416667,33.8156667,3.8]},"id":"ci40741296"},
{"type":"Feature","properties":{"mag":1.09,"place":"6 km NW of The Geysers, CA","time":1715024443340,"updated":1715024539598,"tz":null,"url":"https://earthquake.usgs.gov/earthquakes/eventpage/nc75002446","detail":"https://earthquake.usgs.gov/earthquakes/feed/v1.0/detail/nc75002446.geojson","felt":null,"cdi":null,"mmi":null,"alert":null,"status":"automatic","tsunami":0,"sig":18,"net":"nc","code":"75002446","ids":",nc75002446,","sources":",nc,","types":",nearby-cities,origin,phase-data,","nst":25,"dmin":0.00784,"rms":0.03,"gap":59,"magType":"md","type":"earthquake","title":"M 1.1 - 6 km NW of The Geysers, CA"},"geometry":{"type":"Point","coordinates":[-122.821662902832,38.8036651611328,2.90000009536743]},"id":"nc75002446"},
{"type":"Feature","properties":{"mag":2.67,"place":"5 km S of Volcano, Hawaii","time":1715024070890,"updated":1715024228380,"tz":null,"url":"https://earthquake.usgs.gov/earthquakes/eventpage/hv74216072","detail":"https://earthquake.usgs.gov/earthquakes/feed/v1.0/detail/hv74216072.geojson","felt":null,"cdi":null,"mmi":null,"alert":null,"status":"automatic","tsunami":0,"sig":110,"net":"hv","code":"74216072","ids":",hv74216072,","sources":",hv,","types":",origin,phase-data,","nst":33,"dmin":0.01206,"rms":0.209999993,"gap":48,"magType":"ml","type":"earthquake","title":"M 2.7 - 5 km S of Volcano, Hawaii"},"geometry":{"type":"Point","coordinates":[-155.240997314453,19.3926658630371,1.12000000476837]},"id":"hv74216072"},
{"type":"Feature","properties":{"mag":2.05,"place":"13 km NNE of Stanley, Idaho","time":1715023758280,"updated":1715024708430,"tz":null,"url":"https://earthquake.usgs.gov/earthquakes/eventpage/mb90049613","detail":"https://earthquake.usgs.gov/earthquakes/feed/v1.0/detail/mb90049613.geojson","felt":null,"cdi":null,"mmi":null,"alert":null,"status":"reviewed","tsunami":0,"sig":65,"net":"mb","code":"90049613","ids":",mb90049613,","sources":",mb,","types":",origin,phase-data,","nst":8,"dmin":0.2228,"rms":0.08,"gap":87,"magType":"ml","type":"earthquake","title":"M 2.1 - 13 km NNE of Stanley, Idaho"},"geometry":{"type":"Point","coordinates":[-114.860833333333,44.3288333333333,1.41]},"id":"mb90049613"},
{"type":"Feature","properties":{"mag":0.75,"place":"6 km NW of The Geysers, CA","time":1715023316310,"updated":1715023413500,"tz":null,"url":"https://earthquake.usgs.gov/earthquakes/eventpage/nc75002441","detail":"https://earthquake.usgs.gov/earthquakes/feed/v1.0/detail/nc75002441.geojson","felt":null,"cdi":null,"mmi":null,"alert":null,"status":"automatic","tsunami":0,"sig":9,"net":"nc","code":"75002441","ids":",nc75002441,","sources":",nc,","types":",nearby-cities,origin,phase-data,","nst":8,"dmin":0.00824,"rms":0.01,"gap":80,"magType":"md","type":"earthquake","title":"M 0.8 - 6 km NW of The Geysers, CA"},"geometry":{"type":"Point","coordinates":[-122.81233215332,38.8153343200684,1.75999999046326]},"id":"nc75002441"},
{"type":"Feature","properties":{"mag":1.9,"place":"17 km S of Denali Park, Alaska","time":1715022671963,"updated":1715022799418,"tz":null,"url":"https://earthquake.usgs.gov/earthquakes/eventpage/ak0245ucmp12","detail":"https://earthquake.usgs.gov/earthquakes/feed/v1.0/detail/ak0245ucmp12.geojson","felt":null,"cdi":null,"mmi":null,"alert":null,"status":"automatic","tsunami":0,"sig":56,"net":"ak","code":"0245ucmp12","ids":",ak0245ucmp12,","sources":",ak,","types":",origin,phase-data,","nst":null,"dmin":null,"rms":0.34,"gap":null,"magType":"ml","type":"earthquake","title":"M 1.9 - 17 km S of Denali Park, Alaska"},"geometry":{"type":"Point","coordinates":[-148.9608,63.581,103.3]},"id":"ak0245ucmp12"},
{"type":"Feature","properties":{"mag":2.38,"place":"5 km SW of Volcano, Hawaii","time":1715022537130,"updated":1715022694690,"tz":null,"url":"https://earthquake.usgs.gov/earthquakes/eventpage/hv74216012","detail":"https://earthquake.usgs.gov/earthquakes/feed/v1.0/detail/hv74216012.geojson","felt":null,"cdi":null,"mmi":null,"alert":null,"status":"automatic","tsunami":0,"sig":87,"net":"hv","code":"74216012","ids":",hv74216012,","sources":",hv,","types":",origin,phase-data,","nst":26,"dmin":0.006487,"rms":0.25999999,"gap":45,"magType":"ml","type":"earthquake","title":"M 2.4 - 5 km SW of Volcano, Hawaii"},"geometry":{"type":"Point","coordinates":[-155.268325805664,19.3994998931885,0.540000021457672]},"id":"hv74216012"},
{"type":"Feature","properties":{"mag":1.1,"place":"19 km SE of Chickaloon, Alaska","time":1715022471110,"updated":1715022595266,"tz":null,"url":"https://earthquake.usgs.gov/earthquakes/eventpage/ak0245uclx5z","detail":"https://earthquake.usgs.gov/earthquakes/feed/v1.0/detail/ak0245uclx5z.geojson","felt":null,"cdi":null,"mmi":null,"alert":null,"status":"automatic","tsunami":0,"sig":19,"net":"ak","code":"0245uclx5z","ids":",ak0245uclx5z,","sources":",ak,","types":",origin,phase-data,","nst":null,"dmin":null,"rms":0.84,"gap":null,"magType":"ml","type":"earthquake","title":"M 1.1 - 19 km SE of Chickaloon, Alaska"},"geometry":{"type":"Point","coordinates":[-148.2268,61.6647,9.8]},"id":"ak0245uclx5z"},
{"type":"Feature","properties":{"mag":1.6,"place":"25 km NNW of Susitna, Alaska","time":1715022377336,"updated":1715022473555,"tz":null,"url":"https://earthquake.usgs.gov/earthquakes/eventpage/ak0245uclmud","detail":"https://earthquake.usgs.gov/earthquakes/feed/v1.0/detail/ak0245uclmud.geojson","felt":null,"cdi":null,"mmi":null,"alert":null,"status":"automatic","tsunami":0,"sig":39,"net":"ak","code":"0245uclmud","ids":",ak0245uclmud,","sources":",ak,","types":",origin,phase-data,","nst":null,"dmin":null,"rms":0.28,"gap":null,"magType":"ml","type":"earthquake","title":"M 1.6 - 25 km NNW of Susitna, Alaska"},"geometry":{"type":"Point","coordinates":[-150.7302,61.7524,2.5]},"id":"ak0245uclmud"},
{"type":"Feature","properties":{"mag":1.99,"place":"5 km E of Butte, Montana","time":1715022275900,"updated":1715025145300,"tz":null,"url":"https://earthquake.usgs.gov/earthquakes/eventpage/mb90049598","detail":"https://earthquake.usgs.gov/earthquakes/feed/v1.0/detail/mb90049598.geojson","felt":null,"cdi":null,"mmi":null,"alert":null,"status":"reviewed","tsunami":0,"sig":61,"net":"mb","code":"90049598","ids":",mb90049598,","sources":",mb,","types":",origin,phase-data,","nst":13,"dmin":0.06284,"rms":0.09,"gap":104,"magType":"ml","type":"quarry blast","title":"M 2.0 Quarry Blast - 5 km E of Butte, Montana"},"geometry":{"type":"Point","coordinates":[-112.464166666667,46.0095,-2]},"id":"mb90049598"},
{"type":"Feature","properties":{"mag":1.28,"place":"4 km NNW of The Geysers, CA","time":1715021823740,"updated":1715021918437,"tz":null,"url":"https://earthquake.usgs.gov/earthquakes/eventpage/nc75002421","detail":"https://earthquake.usgs.gov/earthquakes/feed/v1.0/detail/nc75002421.geojson","felt":null,"cdi":null,"mmi":null,"alert":null,"status":"automatic","tsunami":0,"sig":25,"net":"nc","code":"75002421","ids":",nc75002421,","sources":",nc,","types":",nearby-cities,origin,phase-data,","nst":21,"dmin":0.004385,"rms":0.03,"gap":44,"magType":"md","type":"earthquake","title":"M 1.3 - 4 km NNW of The Geysers, CA"},"geometry":{"type":"Point","coordinates":[-122.78466796875,38.8101654052734,0.970000028610229]},"id":"nc75002421"},
{"type":"Feature","properties":{"mag":2.15,"place":"6 km SSW of Volcano, Hawaii","time":1715021792200,"updated":1715021949050,"tz":null,"url":"https://earthquake.usgs.gov/earthquakes/eventpage/hv74215987","detail":"https://earthquake.usgs.gov/earthquakes/feed/v1.0/detail/hv74215987.geojson","felt":null,"cdi":null,"mmi":null,"alert":null,"status":"automatic","tsunami":0,"sig":71,"net":"hv","code":"74215987","ids":",hv74215987,","sources":",hv,","types":",origin,phase-data,","nst":23,"dmin":0.003655,"rms":0.200000003,"gap":44,"magType":"ml","type":"earthquake","title":"M 2.2 - 6 km SSW of Volcano, Hawaii"},"geometry":{"type":"Point","coordinates":[-155.249328613281,19.3886661529541,1.22000002861023]},"id":"hv74215987"},
{"type":"Feature","properties":{"mag":1.3,"place":"53 km NW of Petersville, Alaska","time":1715021757149,"updated":1715021900338,"tz":null,"url":"https://earthquake.usgs.gov/earthquakes/eventpage/ak0245ucasea","detail":"https://earthquake.usgs.gov/earthquakes/feed/v1.0/detail/ak0245ucasea.geojson","felt":null,"cdi":null,"mmi":null,"alert":null,"status":"automatic","tsunami":0,"sig":26,"net":"ak","code":"0245ucasea","ids":",ak0245ucasea,","sources":",ak,","types":",origin,phase-data,","nst":null,"dmin":null,"rms":0.79,"gap":null,"magType":"ml","type":"earthquake","title":"M 1.3 - 53 km NW of Petersville, Alaska"},"geometry":{"type":"Point","coordinates":[-151.4824,62.8483,41]},"id":"ak0245ucasea"},
{"type":"Feature","properties":{"mag":4.9,"place":"131 km NW of Sola, Vanuatu","time":1715021743680,"updated":1715024404040,"tz":null,"url":"https://earthquake.usgs.gov/earthquakes/eventpage/us6000mwst","detail":"https://earthquake.usgs.gov/earthquakes/feed/v1.0/detail/us6000mwst.geojson","felt":null,"cdi":null,"mmi":null,"alert":null,"status":"reviewed","tsunami":0,"sig":369,"net":"us","code":"6000mwst","ids":",us6000mwst,","sources":",us,","types":",origin,phase-data,","nst":31,"dmin":7.524,"rms":0.66,"gap":147,"magType":"mb","type":"earthquake","title":"M 4.9 - 131 km NW of Sola, Vanuatu"},"geometry":{"type":"Point","coordinates":[166.6969,-13.0361,91.709]},"id":"us6000mwst"},
{"type":"Feature","properties":{"mag":0,"place":"45 km ESE of Beatty, Nevada","time":1715021714640,"updated":1715023059878,"tz":null,"url":"https://earthquake.usgs.gov/earthquakes/eventpage/nn00877238","detail":"https://earthquake.usgs.gov/earthquakes/feed/v1.0/detail/nn00877238.geojson","felt":null,"cdi":null,"mmi":null,"alert":null,"status":"reviewed","tsunami":0,"sig":0,"net":"nn","code":"00877238","ids":",nn00877238,","sources":",nn,","types":",origin,phase-data,","nst":7,"dmin":0.039,"rms":0.0644,"gap":92.94,"magType":"ml","type":"earthquake","title":"M 0.0 - 45 km ESE of Beatty, Nevada"},"geometry":{"type":"Point","coordinates":[-116.2806,36.7773,6.6]},"id":"nn00877238"},
{"type":"Feature","properties":{"mag":1.38,"place":"14 km NE of Lancaster, CA","time":1715021575040,"updated":1715021963529,"tz":null,"url":"https://earthquake.usgs.gov/earthquakes/eventpage/ci40741240","detail":"https://earthquake.usgs.gov/earthquakes/feed/v1.0/detail/ci40741240.geojson","felt":null,"cdi":null,"mmi":null,"alert":null,"status":"automatic","tsunami":0,"sig":29,"net":"ci","code":"40741240","ids":",ci40741240,","sources":",ci,","types":",nearby-cities,origin,phase-data,scitech-link,","nst":38,"dmin":0.09389,"rms":0.21,"gap":37,"magType":"ml","type":"earthquake","title":"M 1.4 - 14 km NE of Lancaster, CA"},"geometry":{"type":"Point","coordinates":[-118.0338333,34.7686667,4.76]},"id":"ci40741240"},
{"type":"Feature","properties":{"mag":0.94,"place":"9 km SSW of Borrego Springs, CA","time":1715021268260,"updated":1715021642318,"tz":null,"url":"https://earthquake.usgs.gov/earthquakes/eventpage/ci40741216","detail":"https://earthquake.usgs.gov/earthquakes/feed/v1.0/detail/ci40741216.geojson","felt":null,"cdi":null,"mmi":null,"alert":null,"status":"automatic","tsunami":0,"sig":14,"net":"ci","code":"40741216","ids":",ci40741216,","sources":",ci,","types":",nearby-cities,origin,phase-data,scitech-link,","nst":31,"dmin":0.0867,"rms":0.22,"gap":58,"magType":"ml","type":"earthquake","title":"M 0.9 - 9 km SSW of Borrego Springs, CA"},"geometry":{"type":"Point","coordinates":[-116.4211667,33.1813333,12.23]},"id":"ci40741216"},
{"type":"Feature","properties":{"mag":1.12,"place":"20 km S of Holley, Oregon","time":1715020508900,"updated":1715038664410,"tz":null,"url":"https://earthquake.usgs.gov/earthquakes/eventpage/uw61994917","detail":"https://earthquake.usgs.gov/earthquakes/feed/v1.0/detail/uw61994917.geojson","felt":null,"cdi":null,"mmi":null,"alert":null,"status":"reviewed","tsunami":0,"sig":19,"net":"uw","code":"61994917","ids":",uw61994917,","sources":",uw,","types":",origin,phase-data,","nst":9,"dmin":0.1377,"rms":0.23,"gap":67,"magType":"ml","type":"explosion","title":"M 1.1 Explosion - 20 km S of Holley, Oregon"},"geometry":{"type":"Point","coordinates":[-122.79883333333333,44.16916666666667,-0.58]},"id":"uw61994917"},
{"type":"Feature","properties":{"mag":2.39,"place":"6 km S of Volcano, Hawaii","time":1715020060890,"updated":1715020225110,"tz":null,"url":"https://earthquake.usgs.gov/earthquakes/eventpage/hv74215917","detail":"https://earthquake.usgs.gov/earthquakes/feed/v1.0/detail/hv74215917.geojson","felt":null,"cdi":null,"mmi":null,"alert":null,"status":"automatic","tsunami":0,"sig":88,"net":"hv","code":"74215917","ids":",hv74215917,","sources":",hv,","types":",origin,phase-data,","nst":31,"dmin":0.006432,"rms":0.170000002,"gap":57,"magType":"ml","type":"earthquake","title":"M 2.4 - 6 km S of Volcano, Hawaii"},"geometry":{"type":"Point","coordinates":[-155.244827270508,19.3875007629395,2.26999998092651]},"id":"hv74215917"},
{"type":"Feature","properties":{"mag":1.42,"place":"11 km S of Bodfish, CA","time":1715019596540,"updated":1715020075333,"tz":null,"url":"https://earthquake.usgs.gov/earthquakes/eventpage/ci40741184","detail":"https://earthquake.usgs.gov/earthquakes/feed/v1.0/detail/ci40741184.geojson","felt":null,"cdi":null,"mmi":null,"alert":null,"status":"automatic","tsunami":0,"sig":31,"net":"ci","code":"40741184","ids":",ci40741184,","sources":",ci,","types":",nearby-cities,origin,phase-data,scitech-link,","nst":35,"dmin":0.1747,"rms":0.15,"gap":39,"magType":"ml","type":"earthquake","title":"M 1.4 - 11 km S of Bodfish, CA"},"geometry":{"type":"Point","coordinates":[-118.5136667,35.4906667,3.13]},"id":"ci40741184"},
{"type":"Feature","properties":{"mag":2.36,"place":"11 km S of Bodfish, CA","time":1715019453800,"updated":1715020087510,"tz":null,"url":"https://earthquake.usgs.gov/earthquakes/eventpage/ci40741176","detail":"https://earthquake.usgs.gov/earthquakes/feed/v1.0/detail/ci40741176.geojson","felt":null,"cdi":null,"mmi":null,"alert":null,"status":"automatic","tsunami":0,"sig":86,"net":"ci","code":"40741176","ids":",ci40741176,","sources":",ci,","types":",focal-mechanism,nearby-cities,origin,phase-data,scitech-link,","nst":47,"dmin":0.174,"rms":0.18,"gap":32,"magType":"ml","type":"earthquake","title":"M 2.4 - 11 km S of Bodfish, CA"},"geometry":{"type":"Point","coordinates":[-118.5106667,35.491,2.41]},"id":"ci40741176"},
{"type":"Feature","properties":{"mag":1.2,"place":"54 km NNE of Petersville, Alaska","time":1715019247874,"updated":1715019394262,"tz":null,"url":"https://earthquake.usgs.gov/earthquakes/eventpage/ak0245uc1w8j","detail":"https://earthquake.usgs.gov/earthquakes/feed/v1.0/detail/ak0245uc1w8j.geojson","felt":null,"cdi":null,"mmi":null,"alert":null,"status":"automatic","tsunami":0,"sig":22,"net":"ak","code":"0245uc1w8j","ids":",ak0245uc1w8j,","sources":",ak,","types":",origin,phase-data,","nst":null,"dmin":null,"rms":0.66,"gap":null,"magType":"ml","type":"earthquake","title":"M 1.2 - 54 km NNE of Petersville, Alaska"},"geometry":{"type":"Point","coordinates":[-150.4228,62.9618,83.8]},"id":"ak0245uc1w8j"},
{"type":"Feature","properties":{"mag":1.09,"place":"8 km WNW of Cobb, CA","time":1715019173340,"updated":1715019267857,"tz":null,"url":"https://earthquake.usgs.gov/earthquakes/eventpage/nc75002391","detail":"https://earthquake.usgs.gov/earthquakes/feed/v1.0/detail/nc75002391.geojson","felt":null,"cdi":null,"mmi":null,"alert":null,"status":"automatic","tsunami":0,"sig":18,"net":"nc","code":"75002391","ids":",nc75002391,","sources":",nc,","types":",nearby-cities,origin,phase-data,","nst":22,"dmin":0.01313,"rms":0.02,"gap":63,"magType":"md","type":"earthquake","title":"M 1.1 - 8 km WNW of Cobb, CA"},"geometry":{"type":"Point","coordinates":[-122.81600189209,38.8428344726562,1.86000001430511]},"id":"nc75002391"},
{"type":"Feature","properties":{"mag":2.48,"place":"52 km ENE of Maneadero, B.C., MX","time":1715019005360,"updated":1715019562589,"tz":null,"url":"https://earthquake.usgs.gov/earthquakes/eventpage/ci40741160","detail":"https://earthquake.usgs.gov/earthquakes/feed/v1.0/detail/ci40741160.geojson","felt":null,"cdi":null,"mmi":null,"alert":null,"status":"automatic","tsunami":0,"sig":95,"net":"ci","code":"40741160","ids":",ci40741160,","sources":",ci,","types":",nearby-cities,origin,phase-data,scitech-link,","nst":15,"dmin":0.1387,"rms":0.19,"gap":84,"magType":"ml","type":"earthquake","title":"M 2.5 - 52 km ENE of Maneadero, B.C., MX"},"geometry":{"type":"Point","coordinates":[-116.0636667,31.9066667,11.55]},"id":"ci40741160"},
{"type":"Feature","properties":{"mag":1.85,"place":"2 km N of Aromas, CA","time":1715018746020,"updated":1715019047200,"tz":null,"url":"https://earthquake.usgs.gov/earthquakes/eventpage/nc75002386","detail":"https://earthquake.usgs.gov/earthquakes/feed/v1.0/detail/nc75002386.geojson","felt":1,"cdi":2,"mmi":null,"alert":null,"status":"automatic","tsunami":0,"sig":53,"net":"nc","code":"75002386","ids":",nc75002386,","sources":",nc,","types":",dyfi,nearby-cities,origin,phase-data,","nst":5,"dmin":0.02669,"rms":0.08,"gap":129,"magType":"md","type":"earthquake","title":"M 1.9 - 2 km N of Aromas, CA"},"geometry":{"type":"Point","coordinates":[-121.644668579102,36.9080009460449,-0.0299999993294477]},"id":"nc75002386"},
{"type":"Feature","properties":{"mag":1.17,"place":"17 km SW of Thatcher, Utah","time":1715018680800,"updated":1715023335080,"tz":null,"url":"https://earthquake.usgs.gov/earthquakes/eventpage/uu80068866","detail":"https://earthquake.usgs.gov/earthquakes/feed/v1.0/detail/uu80068866.geojson","felt":null,"cdi":null,"mmi":null,"alert":null,"status":"reviewed","tsunami":0,"sig":21,"net":"uu","code":"80068866","ids":",uu80068866,","sources":",uu,","types":",origin,phase-data,","nst":7,"dmin":0.1434,"rms":0.13,"gap":126,"magType":"md","type":"earthquake","title":"M 1.2 - 17 km SW of Thatcher, Utah"},"geometry":{"type":"Point","coordinates":[-112.438166666667,41.5853333333333,1.64]},"id":"uu80068866"},
{"type":"Feature","properties":{"mag":1.69,"place":"12 km ESE of Lincoln, Montana","time":1715018597560,"updated":1715026020990,"tz":null,"url":"https://earthquake.usgs.gov/earthquakes/eventpage/mb90049558","detail":"https://earthquake.usgs.gov/earthquakes/feed/v1.0/detail/mb90049558.geojson","felt":null,"cdi":null,"mmi":null,"alert":null,"status":"reviewed","tsunami":0,"sig":44,"net":"mb","code":"90049558","ids":",mb90049558,","sources":",mb,","types":",origin,phase-data,","nst":12,"dmin":0.07882,"rms":0.08,"gap":136,"magType":"ml","type":"earthquake","title":"M 1.7 - 12 km ESE of Lincoln, Montana"},"geometry":{"type":"Point","coordinates":[-112.5295,46.9203333333333,8.45]},"id":"mb90049558"},
{"type":"Feature","properties":{"mag":1.29,"place":"16 km SW of Thatcher, Utah","time":1715018340490,"updated":1715023437610,"tz":null,"url":"https://earthquake.usgs.gov/earthquakes/eventpage/uu80068861","detail":"https://earthquake.usgs.gov/earthquakes/feed/v1.0/detail/uu80068861.geojson","felt":null,"cdi":null,"mmi":null,"alert":null,"status":"reviewed","tsunami":0,"sig":26,"net":"uu","code":"80068861","ids":",uu80068861,","sources":",uu,","types":",origin,phase-data,","nst":7,"dmin":0.1387,"rms":0.11,"gap":125,"magType":"md","type":"earthquake","title":"M 1.3 - 16 km SW of Thatcher, Utah"},"geometry":{"type":"Point","coordinates":[-112.431666666667,41.583,0.52]},"id":"uu80068861"},
{"type":"Feature","properties":{"mag":2.09,"place":"6 km SW of Volcano, Hawaii","time":1715018173140,"updated":1715018331460,"tz":null,"url":"https://earthquake.usgs.gov/earthquakes/eventpage/hv74215862","detail":"https://earthquake.usgs.gov/earthquakes/feed/v1.0/detail/hv74215862.geojson","felt":null,"cdi":null,"mmi":null,"alert":null,"status":"automatic","tsunami":0,"sig":67,"net":"hv","code":"74215862","ids":",hv74215862,","sources":",hv,","types":",origin,phase-data,","nst":20,"dmin":0.0006257,"rms":0.140000001,"gap":64,"magType":"ml","type":"earthquake","title":"M 2.1 - 6 km SW of Volcano, Hawaii"},"geometry":{"type":"Point","coordinates":[-155.272994995117,19.3955001831055,1.37000000476837]},"id":"hv74215862"},
{"type":"Feature","properties":{"mag":0.48,"place":"4 km WNW of Cobb, CA","time":1715017839600,"updated":1715017938806,"tz":null,"url":"https://earthquake.usgs.gov/earthquakes/eventpage/nc75002376","detail":"https://earthquake.usgs.gov/earthquakes/feed/v1.0/detail/nc75002376.geojson","felt":null,"cdi":null,"mmi":null,"alert":null,"status":"automatic","tsunami":0,"sig":4,"net":"nc","code":"75002376","ids":",nc75002376,","sources":",nc,","types":",nearby-cities,origin,phase-data,","nst":7,"dmin":0.007263,"rms":0.01,"gap":121,"magType":"md","type":"earthquake","title":"M 0.5 - 4 km WNW of Cobb, CA"},"geometry":{"type":"Point","coordinates":[-122.765663146973,38.8240013122559,2.11999988555908]},"id":"nc75002376"},
{"type":"Feature","properties":{"mag":1.43,"place":"5 km NW of Palomar Observatory, CA","time":1715017486340,"updated":1715018185930,"tz":null,"url":"https://earthquake.usgs.gov/earthquakes/eventpage/ci40741144","detail":"https://earthquake.usgs.gov/earthquakes/feed/v1.0/detail/ci40741144.geojson","felt":null,"cdi":null,"mmi":null,"alert":null,"status":"automatic","tsunami":0,"sig":31,"net":"ci","code":"40741144","ids":",ci40741144,","sources":",ci,","types":",focal-mechanism,nearby-cities,origin,phase-data,scitech-link,","nst":58,"dmin":0.04395,"rms":0.18,"gap":24,"magType":"ml","type":"earthquake","title":"M 1.4 - 5 km NW of Palomar Observatory, CA"},"geometry":{"type":"Point","coordinates":[-116.9005,33.3841667,13.85]},"id":"ci40741144"},
{"type":"Feature","properties":{"mag":2.12,"place":"7 km WSW of Adjuntas, Puerto Rico","time":1715017062310,"updated":1715017731460,"tz":null,"url":"https://earthquake.usgs.gov/earthquakes/eventpage/pr71447948","detail":"https://earthquake.usgs.gov/earthquakes/feed/v1.0/detail/pr71447948.geojson","felt":null,"cdi":null,"mmi":null,"alert":null,"status":"reviewed","tsunami":0,"sig":69,"net":"pr","code":"71447948","ids":",pr71447948,","sources":",pr,","types":",origin,phase-data,","nst":9,"dmin":0.1369,"rms":0.08,"gap":150,"magType":"md","type":"earthquake","title":"M 2.1 - 7 km WSW of Adjuntas, Puerto Rico"},"geometry":{"type":"Point","coordinates":[-66.788,18.1313333333333,21.12]},"id":"pr71447948"},
{"type":"Feature","properties":{"mag":1.1,"place":"19 km E of Little Lake, CA","time":1715016303890,"updated":1715016973325,"tz":null,"url":"https://earthquake.usgs.gov/earthquakes/eventpage/ci40741120","detail":"https://earthquake.usgs.gov/earthquakes/feed/v1.0/detail/ci40741120.geojson","felt":null,"cdi":null,"mmi":null,"alert":null,"status":"reviewed","tsunami":0,"sig":19,"net":"ci","code":"40741120","ids":",ci40741120,","sources":",ci,","types":",nearby-cities,origin,phase-data,scitech-link,","nst":24,"dmin":0.03471,"rms":0.12,"gap":61,"magType":"ml","type":"earthquake","title":"M 1.1 - 19 km E of Little Lake, CA"},"geometry":{"type":"Point","coordinates":[-117.6915,35.9383333,2.21]},"id":"ci40741120"},
{"type":"Feature","properties":{"mag":1.06,"place":"8 km ESE of Valle Vista, CA","time":1715016235290,"updated":1715016992055,"tz":null,"url":"https://earthquake.usgs.gov/earthquakes/eventpage/ci40741104","detail":"https://earthquake.usgs.gov/earthquakes/feed/v1.0/detail/ci40741104.geojson","felt":null,"cdi":null,"mmi":null,"alert":null,"status":"reviewed","tsunami":0,"sig":17,"net":"ci","code":"40741104","ids":",ci40741104,","sources":",ci,","types":",nearby-cities,origin,phase-data,scitech-link,","nst":36,"dmin":0.08375,"rms":0.15,"gap":45,"magType":"ml","type":"earthquake","title":"M 1.1 - 8 km ESE of Valle Vista, CA"},"geometry":{"type":"Point","coordinates":[-116.8116667,33.7315,15.62]},"id":"ci40741104"},
{"type":"Feature","properties":{"mag":0.86,"place":"7 km NW of The Geysers, CA","time":1715015476460,"updated":1715015573191,"tz":null,"url":"https://earthquake.usgs.gov/earthquakes/eventpage/nc75002361","detail":"https://earthquake.usgs.gov/earthquakes/feed/v1.0/detail/nc75002361.geojson","felt":null,"cdi":null,"mmi":null,"alert":null,"status":"automatic","tsunami":0,"sig":11,"net":"nc","code":"75002361","ids":",nc75002361,","sources":",nc,","types":",nearby-cities,origin,phase-data,","nst":8,"dmin":0.009109,"rms":0,"gap":83,"magType":"md","type":"earthquake","title":"M 0.9 - 7 km NW of The Geysers, CA"},"geometry":{"type":"Point","coordinates":[-122.824333190918,38.8171653747559,1.92999994754791]},"id":"nc75002361"},
{"type":"Feature","properties":{"mag":1.39,"place":"13 km NNE of Stanley, Idaho","time":1715015116360,"updated":1715025546990,"tz":null,"url":"https://earthquake.usgs.gov/earthquakes/eventpage/mb90049523","detail":"https://earthquake.usgs.gov/earthquakes/feed/v1.0/detail/mb90049523.geojson","felt":null,"cdi":null,"mmi":null,"alert":null,"status":"reviewed","tsunami":0,"sig":30,"net":"mb","code":"90049523","ids":",mb90049523,","sources":",mb,","types":",origin,phase-data,","nst":8,"dmin":0.2113,"rms":0.13,"gap":90,"magType":"ml","type":"earthquake","title":"M 1.4 - 13 km NNE of Stanley, Idaho"},"geometry":{"type":"Point","coordinates":[-114.8505,44.3175,4.44]},"id":"mb90049523"},
{"type":"Feature","properties":{"mag":0.75,"place":"7 km NW of The Geysers, CA","time":1715014507520,"updated":1715014603218,"tz":null,"url":"https://earthquake.usgs.gov/earthquakes/eventpage/nc75002351","detail":"https://earthquake.usgs.gov/earthquakes/feed/v1.0/detail/nc75002351.geojson","felt":null,"cdi":null,"mmi":null,"alert":null,"status":"automatic","tsunami":0,"sig":9,"net":"nc","code":"75002351","ids":",nc75002351,","sources":",nc,","types":",nearby-cities,origin,phase-data,","nst":9,"dmin":0.007488,"rms":0.02,"gap":96,"magType":"md","type":"earthquake","title":"M 0.8 - 7 km NW of The Geysers, CA"},"geometry":{"type":"Point","coordinates":[-122.817337036133,38.8185005187988,2.67000007629395]},"id":"nc75002351"},
{"type":"Feature","properties":{"mag":2.00999999,"place":"6 km S of Volcano, Hawaii","time":1715013924490,"updated":1715014083320,"tz":null,"url":"https://earthquake.usgs.gov/earthquakes/eventpage/hv74215742","detail":"https://earthquake.usgs.gov/earthquakes/feed/v1.0/detail/hv74215742.geojson","felt":null,"cdi":null,"mmi":null,"alert":null,"status":"automatic","tsunami":0,"sig":62,"net":"hv","code":"74215742","ids":",hv74215742,","sources":",hv,","types":",origin,phase-data,","nst":12,"dmin":0.01281,"rms":0.159999996,"gap":85,"magType":"md","type":"earthquake","title":"M 2.0 - 6 km S of Volcano, Hawaii"},"geometry":{"type":"Point","coordinates":[-155.231002807617,19.3826675415039,1.58000004291534]},"id":"hv74215742"},
{"type":"Feature","properties":{"mag":1.48,"place":"11 km S of Bodfish, CA","time":1715013539130,"updated":1715016996087,"tz":null,"url":"https://earthquake.usgs.gov/earthquakes/eventpage/ci40741080","detail":"https://earthquake.usgs.gov/earthquakes/feed/v1.0/detail/ci40741080.geojson","felt":null,"cdi":null,"mmi":null,"alert":null,"status":"reviewed","tsunami":0,"sig":34,"net":"ci","code":"40741080","ids":",ci40741080,","sources":",ci,","types":",nearby-cities,origin,phase-data,scitech-link,","nst":32,"dmin":0.175,"rms":0.15,"gap":39,"magType":"ml","type":"earthquake","title":"M 1.5 - 11 km S of Bodfish, CA"},"geometry":{"type":"Point","coordinates":[-118.5155,35.4906667,3.68]},"id":"ci40741080"},
{"type":"Feature","properties":{"mag":1.5,"place":"8 km SW of Corona, CA","time":1715013210030,"updated":1715017010422,"tz":null,"url":"https://earthquake.usgs.gov/earthquakes/eventpage/ci40741064","detail":"https://earthquake.usgs.gov/earthquakes/feed/v1.0/detail/ci40741064.geojson","felt":null,"cdi":null,"mmi":null,"alert":null,"status":"reviewed","tsunami":0,"sig":35,"net":"ci","code":"40741064","ids":",ci40741064,","sources":",ci,","types":",nearby-cities,origin,phase-data,scitech-link,","nst":14,"dmin":0.03209,"rms":0.16,"gap":106,"magType":"ml","type":"earthquake","title":"M 1.5 - 8 km SW of Corona, CA"},"geometry":{"type":"Point","coordinates":[-117.6325,33.8208333,3.89]},"id":"ci40741064"},
{"type":"Feature","properties":{"mag":1.78999996,"place":"5 km SSW of Volcano, Hawaii","time":1715012741090,"updated":1715012822200,"tz":null,"url":"https://earthquake.usgs.gov/earthquakes/eventpage/hv74215697","detail":"https://earthquake.usgs.gov/earthquakes/feed/v1.0/detail/hv74215697.geojson","felt":null,"cdi":null,"mmi":null,"alert":null,"status":"automatic","tsunami":0,"sig":49,"net":"hv","code":"74215697","ids":",hv74215697,","sources":",hv,","types":",origin,phase-data,","nst":7,"dmin":0.01486,"rms":0.0900000036,"gap":171,"magType":"md","type":"earthquake","title":"M 1.8 - 5 km SSW of Volcano, Hawaii"},"geometry":{"type":"Point","coordinates":[-155.256332397461,19.3996658325195,0.819999992847443]},"id":"hv74215697"},
{"type":"Feature","properties":{"mag":0.8,"place":"49 km E of Anderson, Alaska","time":1715012145584,"updated":1715012242217,"tz":null,"url":"https://earthquake.usgs.gov/earthquakes/eventpage/ak0245uavbni","detail":"https://earthquake.usgs.gov/earthquakes/feed/v1.0/detail/ak0245uavbni.geojson","felt":null,"cdi":null,"mmi":null,"alert":null,"status":"automatic","tsunami":0,"sig":10,"net":"ak","code":"0245uavbni","ids":",ak0245uavbni,","sources":",ak,","types":",origin,phase-data,","nst":null,"dmin":null,"rms":0.39,"gap":null,"magType":"ml","type":"earthquake","title":"M 0.8 - 49 km E of Anderson, Alaska"},"geometry":{"type":"Point","coordinates":[-148.1651,64.3204,18]},"id":"ak0245uavbni"},
{"type":"Feature","properties":{"mag":1.27,"place":"12 km SSW of Olancha, CA","time":1715012011040,"updated":1715017018035,"tz":null,"url":"https://earthquake.usgs.gov/earthquakes/eventpage/ci40741024","detail":"https://earthquake.usgs.gov/earthquakes/feed/v1.0/detail/ci40741024.geojson","felt":null,"cdi":null,"mmi":null,"alert":null,"status":"reviewed","tsunami":0,"sig":25,"net":"ci","code":"40741024","ids":",ci40741024,","sources":",ci,","types":",nearby-cities,origin,phase-data,scitech-link,","nst":27,"dmin":0.1843,"rms":0.17,"gap":78,"magType":"ml","type":"earthquake","title":"M 1.3 - 12 km SSW of Olancha, CA"},"geometry":{"type":"Point","coordinates":[-118.0683333,36.182,3.79]},"id":"ci40741024"},
{"type":"Feature","properties":{"mag":0.76,"place":"7 km NNW of The Geysers, CA","time":1715011935810,"updated":1715012033289,"tz":null,"url":"https://earthquake.usgs.gov/earthquakes/eventpage/nc75002326","detail":"https://earthquake.usgs.gov/earthquakes/feed/v1.0/detail/nc75002326.geojson","felt":null,"cdi":null,"mmi":null,"alert":null,"status":"automatic","tsunami":0,"sig":9,"net":"nc","code":"75002326","ids":",nc75002326,","sources":",nc,","types":",nearby-cities,origin,phase-data,","nst":7,"dmin":0.003768,"rms":0.01,"gap":194,"magType":"md","type":"earthquake","title":"M 0.8 - 7 km NNW of The Geysers, CA"},"geometry":{"type":"Point","coordinates":[-122.810165405273,38.8271675109863,1.48000001907349]},"id":"nc75002326"},
{"type":"Feature","properties":{"mag":0.29,"place":"8 km WNW of Cobb, CA","time":1715011792330,"updated":1715017953654,"tz":null,"url":"https://earthquake.usgs.gov/earthquakes/eventpage/nc75002381","detail":"https://earthquake.usgs.gov/earthquakes/feed/v1.0/detail/nc75002381.geojson","felt":null,"cdi":null,"mmi":null,"alert":null,"status":"automatic","tsunami":0,"sig":1,"net":"nc","code":"75002381","ids":",nc75002381,","sources":",nc,","types":",nearby-cities,origin,phase-data,","nst":11,"dmin":0.01396,"rms":0.02,"gap":53,"magType":"md","type":"earthquake","title":"M 0.3 - 8 km WNW of Cobb, CA"},"geometry":{"type":"Point","coordinates":[-122.808670043945,38.8373336791992,2.00999999046326]},"id":"nc75002381"},
{"type":"Feature","properties":{"mag":2.7,"place":"15 km NNE of Stanley, Idaho","time":1715011730157,"updated":1715034566675,"tz":null,"url":"https://earthquake.usgs.gov/earthquakes/eventpage/us6000mwqc","detail":"https://earthquake.usgs.gov/earthquakes/feed/v1.0/detail/us6000mwqc.geojson","felt":1,"cdi":2,"mmi":null,"alert":null,"status":"reviewed","tsunami":0,"sig":112,"net":"us","code":"6000mwqc","ids":",us6000mwqc,mb90049508,","sources":",us,mb,","types":",dyfi,origin,phase-data,","nst":27,"dmin":0.238,"rms":0.46,"gap":38,"magType":"ml","type":"earthquake","title":"M 2.7 - 15 km NNE of Stanley, Idaho"},"geometry":{"type":"Point","coordinates":[-114.854,44.3437,14.504]},"id":"us6000mwqc"},
{"type":"Feature","properties":{"mag":0.77,"place":"7 km NNW of The Geysers, CA","time":1715011618310,"updated":1715011714138,"tz":null,"url":"https://earthquake.usgs.gov/earthquakes/eventpage/nc75002321","detail":"https://earthquake.usgs.gov/earthquakes/feed/v1.0/detail/nc75002321.geojson","felt":null,"cdi":null,"mmi":null,"alert":null,"status":"automatic","tsunami":0,"sig":9,"net":"nc","code":"75002321","ids":",nc75002321,","sources":",nc,","types":",nearby-cities,origin,phase-data,","nst":18,"dmin":0.002313,"rms":0.01,"gap":64,"magType":"md","type":"earthquake","title":"M 0.8 - 7 km NNW of The Geysers, CA"},"geometry":{"type":"Point","coordinates":[-122.807167053223,38.8238334655762,2.66000008583069]},"id":"nc75002321"},
{"type":"Feature","properties":{"mag":0.45,"place":"2 km NNW of The Geysers, CA","time":1715011485370,"updated":1715011584084,"tz":null,"url":"https://earthquake.usgs.gov/earthquakes/eventpage/nc75002316","detail":"https://earthquake.usgs.gov/earthquakes/feed/v1.0/detail/nc75002316.geojson","felt":null,"cdi":null,"mmi":null,"alert":null,"status":"automatic","tsunami":0,"sig":3,"net":"nc","code":"75002316","ids":",nc75002316,","sources":",nc,","types":",nearby-cities,origin,phase-data,","nst":7,"dmin":0.01201,"rms":0.12,"gap":137,"magType":"md","type":"earthquake","title":"M 0.5 - 2 km NNW of The Geysers, CA"},"geometry":{"type":"Point","coordinates":[-122.768333435059,38.7906684875488,-0.759999990463257]},"id":"nc75002316"},
{"type":"Feature","properties":{"mag":1.89,"place":"6 km S of Volcano, Hawaii","time":1715010905550,"updated":1715011064440,"tz":null,"url":"https://earthquake.usgs.gov/earthquakes/eventpage/hv74215642","detail":"https://earthquake.usgs.gov/earthquakes/feed/v1.0/detail/hv74215642.geojson","felt":null,"cdi":null,"mmi":null,"alert":null,"status":"automatic","tsunami":0,"sig":55,"net":"hv","code":"74215642","ids":",hv74215642,","sources":",hv,","types":",origin,phase-data,","nst":20,"dmin":0.007939,"rms":0.170000002,"gap":73,"magType":"ml","type":"earthquake","title":"M 1.9 - 6 km S of Volcano, Hawaii"},"geometry":{"type":"Point","coordinates":[-155.238662719727,19.3813323974609,1.85000002384186]},"id":"hv74215642"},
{"type":"Feature","properties":{"mag":1.73,"place":"15 km SW of Thatcher, Utah","time":1715010881500,"updated":1715022920720,"tz":null,"url":"https://earthquake.usgs.gov/earthquakes/eventpage/uu80068851","detail":"https://earthquake.usgs.gov/earthquakes/feed/v1.0/detail/uu80068851.geojson","felt":null,"cdi":null,"mmi":null,"alert":null,"status":"reviewed","tsunami":0,"sig":46,"net":"uu","code":"80068851","ids":",uu80068851,","sources":",uu,","types":",origin,phase-data,","nst":16,"dmin":0.1303,"rms":0.17,"gap":91,"magType":"ml","type":"earthquake","title":"M 1.7 - 15 km SW of Thatcher, Utah"},"geometry":{"type":"Point","coordinates":[-112.420833333333,41.5886666666667,6.85]},"id":"uu80068851"},
{"type":"Feature","properties":{"mag":0.78,"place":"7 km NW of The Geysers, CA","time":1715010384800,"updated":1715010482909,"tz":null,"url":"https://earthquake.usgs.gov/earthquakes/eventpage/nc75002306","detail":"https://earthquake.usgs.gov/earthquakes/feed/v1.0/detail/nc75002306.geojson","felt":null,"cdi":null,"mmi":null,"alert":null,"status":"automatic","tsunami":0,"sig":9,"net":"nc","code":"75002306","ids":",nc75002306,","sources":",nc,","types":",nearby-cities,origin,phase-data,","nst":11,"dmin":0.01009,"rms":0.01,"gap":60,"magType":"md","type":"earthquake","title":"M 0.8 - 7 km NW of The Geysers, CA"},"geometry":{"type":"Point","coordinates":[-122.817497253418,38.8131675720215,2.77999997138977]},"id":"nc75002306"},
{"type":"Feature","properties":{"mag":1.13,"place":"11 km WSW of The Geysers, CA","time":1715010318960,"updated":1715010412898,"tz":null,"url":"https://earthquake.usgs.gov/earthquakes/eventpage/nc75002301","detail":"https://earthquake.usgs.gov/earthquakes/feed/v1.0/detail/nc75002301.geojson","felt":null,"cdi":null,"mmi":null,"alert":null,"status":"automatic","tsunami":0,"sig":20,"net":"nc","code":"75002301","ids":",nc75002301,","sources":",nc,","types":",nearby-cities,origin,phase-data,","nst":13,"dmin":0.05605,"rms":0.03,"gap":170,"magType":"md","type":"earthquake","title":"M 1.1 - 11 km WSW of The Geysers, CA"},"geometry":{"type":"Point","coordinates":[-122.860168457031,38.7136650085449,5.59000015258789]},"id":"nc75002301"},
{"type":"Feature","properties":{"mag":1.82,"place":"13 km WNW of Anza, CA","time":1715010002140,"updated":1715010400514,"tz":null,"url":"https://earthquake.usgs.gov/earthquakes/eventpage/ci40740992","detail":"https://earthquake.usgs.gov/earthquakes/feed/v1.0/detail/ci40740992.geojson","felt":null,"cdi":null,"mmi":null,"alert":null,"status":"automatic","tsunami":0,"sig":51,"net":"ci","code":"40740992","ids":",ci40740992,","sources":",ci,","types":",nearby-cities,origin,phase-data,scitech-link,","nst":12,"dmin":0.03562,"rms":0.11,"gap":82,"magType":"ml","type":"earthquake","title":"M 1.8 - 13 km WNW of Anza, CA"},"geometry":{"type":"Point","coordinates":[-116.8051667,33.584,8.07]},"id":"ci40740992"},
{"type":"Feature","properties":{"mag":0.29,"place":"5 km WNW of Cobb, CA","time":1715009692560,"updated":1715009788066,"tz":null,"url":"https://earthquake.usgs.gov/earthquakes/eventpage/nc75002296","detail":"https://earthquake.usgs.gov/earthquakes/feed/v1.0/detail/nc75002296.geojson","felt":null,"cdi":null,"mmi":null,"alert":null,"status":"automatic","tsunami":0,"sig":1,"net":"nc","code":"75002296","ids":",nc75002296,","sources":",nc,","types":",nearby-cities,origin,phase-data,","nst":8,"dmin":0.0114,"rms":0.01,"gap":100,"magType":"md","type":"earthquake","title":"M 0.3 - 5 km WNW of Cobb, CA"},"geometry":{"type":"Point","coordinates":[-122.783668518066,38.8266677856445,1.4099999666214]},"id":"nc75002296"},
{"type":"Feature","properties":{"mag":4.8,"place":"21 km ESE of San Gabriel, Ecuador","time":1715009552157,"updated":1715010678040,"tz":null,"url":"https://earthquake.usgs.gov/earthquakes/eventpage/us6000mwq2","detail":"https://earthquake.usgs.gov/earthquakes/feed/v1.0/detail/us6000mwq2.geojson","felt":null,"cdi":null,"mmi":null,"alert":null,"status":"reviewed","tsunami":0,"sig":354,"net":"us","code":"6000mwq2","ids":",us6000mwq2,","sources":",us,","types":",moment-tensor,origin,phase-data,","nst":110,"dmin":0.258,"rms":0.95,"gap":55,"magType":"mww","type":"earthquake","title":"M 4.8 - 21 km ESE of San Gabriel, Ecuador"},"geometry":{"type":"Point","coordinates":[-77.6664,0.4867,10]},"id":"us6000mwq2"},
{"type":"Feature","properties":{"mag":1.57,"place":"8 km SSW of Pearblossom, CA","time":1715008921280,"updated":1715017050648,"tz":null,"url":"https://earthquake.usgs.gov/earthquakes/eventpage/ci40740968","detail":"https://earthquake.usgs.gov/earthquakes/feed/v1.0/detail/ci40740968.geojson","felt":null,"cdi":null,"mmi":null,"alert":null,"status":"reviewed","tsunami":0,"sig":38,"net":"ci","code":"40740968","ids":",ci40740968,","sources":",ci,","types":",nearby-cities,origin,phase-data,scitech-link,","nst":32,"dmin":0.122,"rms":0.19,"gap":72,"magType":"ml","type":"earthquake","title":"M 1.6 - 8 km SSW of Pearblossom, CA"},"geometry":{"type":"Point","coordinates":[-117.9285,34.4381667,7.49]},"id":"ci40740968"},
{"type":"Feature","properties":{"mag":5,"place":"35 km ESE of San Gabriel, Ecuador","time":1715008624555,"updated":1715011684789,"tz":null,"url":"https://earthquake.usgs.gov/earthquakes/eventpage/us6000mwpy","detail":"https://earthquake.usgs.gov/earthquakes/feed/v1.0/detail/us6000mwpy.geojson","felt":4,"cdi":3.1,"mmi":null,"alert":null,"status":"reviewed","tsunami":0,"sig":386,"net":"us","code":"6000mwpy","ids":",us6000mwpy,","sources":",us,","types":",dyfi,moment-tensor,origin,phase-data,","nst":74,"dmin":0.368,"rms":0.56,"gap":70,"magType":"mww","type":"earthquake","title":"M 5.0 - 35 km ESE of San Gabriel, Ecuador"},"geometry":{"type":"Point","coordinates":[-77.5558,0.4275,10]},"id":"us6000mwpy"},
{"type":"Feature","properties":{"mag":1.58,"place":"15 km SSW of Olancha, CA","time":1715008541670,"updated":1715017056537,"tz":null,"url":"https://earthquake.usgs.gov/earthquakes/eventpage/ci40740952","detail":"https://earthquake.usgs.gov/earthquakes/feed/v1.0/detail/ci40740952.geojson","felt":null,"cdi":null,"mmi":null,"alert":null,"status":"reviewed","tsunami":0,"sig":38,"net":"ci","code":"40740952","ids":",ci40740952,","sources":",ci,","types":",nearby-cities,origin,phase-data,scitech-link,","nst":28,"dmin":0.1732,"rms":0.18,"gap":75,"magType":"ml","type":"earthquake","title":"M 1.6 - 15 km SSW of Olancha, CA"},"geometry":{"type":"Point","coordinates":[-118.0635,36.1561667,2.65]},"id":"ci40740952"},
{"type":"Feature","properties":{"mag":0.23,"place":"10 km NW of The Geysers, CA","time":1715008451370,"updated":1715008548537,"tz":null,"url":"https://earthquake.usgs.gov/earthquakes/eventpage/nc75002286","detail":"https://earthquake.usgs.gov/earthquakes/feed/v1.0/detail/nc75002286.geojson","felt":null,"cdi":null,"mmi":null,"alert":null,"status":"automatic","tsunami":0,"sig":1,"net":"nc","code":"75002286","ids":",nc75002286,","sources":",nc,","types":",nearby-cities,origin,phase-data,","nst":8,"dmin":0.0006454,"rms":0.01,"gap":103,"magType":"md","type":"earthquake","title":"M 0.2 - 10 km NW of The Geysers, CA"},"geometry":{"type":"Point","coordinates":[-122.835830688477,38.8380012512207,1.4099999666214]},"id":"nc75002286"},
{"type":"Feature","properties":{"mag":1.9,"place":"58 km SSW of Cantwell, Alaska","time":1715008315873,"updated":1715008431690,"tz":null,"url":"https://earthquake.usgs.gov/earthquakes/eventpage/ak0245ua91z7","detail":"https://earthquake.usgs.gov/earthquakes/feed/v1.0/detail/ak0245ua91z7.geojson","felt":null,"cdi":null,"mmi":null,"alert":null,"status":"automatic","tsunami":0,"sig":56,"net":"ak","code":"0245ua91z7","ids":",ak0245ua91z7,","sources":",ak,","types":",origin,phase-data,","nst":null,"dmin":null,"rms":0.47,"gap":null,"magType":"ml","type":"earthquake","title":"M 1.9 - 58 km SSW of Cantwell, Alaska"},"geometry":{"type":"Point","coordinates":[-149.5851,62.9557,71]},"id":"ak0245ua91z7"},
{"type":"Feature","properties":{"mag":4.8,"place":"22 km SE of Chimore, Bolivia","time":1715007832472,"updated":1715014401040,"tz":null,"url":"https://earthquake.usgs.gov/earthquakes/eventpage/us6000mwpv","detail":"https://earthquake.usgs.gov/earthquakes/feed/v1.0/detail/us6000mwpv.geojson","felt":null,"cdi":null,"mmi":null,"alert":null,"status":"reviewed","tsunami":0,"sig":354,"net":"us","code":"6000mwpv","ids":",us6000mwpv,","sources":",us,","types":",origin,phase-data,","nst":81,"dmin":1.676,"rms":1.04,"gap":44,"magType":"mb","type":"earthquake","title":"M 4.8 - 22 km SE of Chimore, Bolivia"},"geometry":{"type":"Point","coordinates":[-65.0348,-17.16,10.556]},"id":"us6000mwpv"},
{"type":"Feature","properties":{"mag":0.72,"place":"38 km NNE of Amboy, Washington","time":1715007782020,"updated":1715016017320,"tz":null,"url":"https://earthquake.usgs.gov/earthquakes/eventpage/uw61994782","detail":"https://earthquake.usgs.gov/earthquakes/feed/v1.0/detail/uw61994782.geojson","felt":null,"cdi":null,"mmi":null,"alert":null,"status":"reviewed","tsunami":0,"sig":8,"net":"uw","code":"61994782","ids":",uw61994782,","sources":",uw,","types":",origin,phase-data,","nst":19,"dmin":0.001909,"rms":0.06,"gap":59,"magType":"ml","type":"earthquake","title":"M 0.7 - 38 km NNE of Amboy, Washington"},"geometry":{"type":"Point","coordinates":[-122.18966666666667,46.2015,1.2]},"id":"uw61994782"},
{"type":"Feature","properties":{"mag":4.8,"place":"12 km NE of Montelibano, Colombia","time":1715007712250,"updated":1715015052040,"tz":null,"url":"https://earthquake.usgs.gov/earthquakes/eventpage/us6000mwpt","detail":"https://earthquake.usgs.gov/earthquakes/feed/v1.0/detail/us6000mwpt.geojson","felt":null,"cdi":null,"mmi":null,"alert":null,"status":"reviewed","tsunami":0,"sig":354,"net":"us","code":"6000mwpt","ids":",us6000mwpt,","sources":",us,","types":",origin,phase-data,","nst":83,"dmin":1.822,"rms":0.81,"gap":85,"magType":"mb","type":"earthquake","title":"M 4.8 - 12 km NE of Montelibano, Colombia"},"geometry":{"type":"Point","coordinates":[-75.3559,8.0715,40.35]},"id":"us6000mwpt"},
{"type":"Feature","properties":{"mag":0.75,"place":"2 km N of The Geysers, CA","time":1715007687480,"updated":1715007782335,"tz":null,"url":"https://earthquake.usgs.gov/earthquakes/eventpage/nc75002281","detail":"https://earthquake.usgs.gov/earthquakes/feed/v1.0/detail/nc75002281.geojson","felt":null,"cdi":null,"mmi":null,"alert":null,"status":"automatic","tsunami":0,"sig":9,"net":"nc","code":"75002281","ids":",nc75002281,","sources":",nc,","types":",nearby-cities,origin,phase-data,","nst":9,"dmin":0.009612,"rms":0.02,"gap":126,"magType":"md","type":"earthquake","title":"M 0.8 - 2 km N of The Geysers, CA"},"geometry":{"type":"Point","coordinates":[-122.759498596191,38.7910003662109,0.569999992847443]},"id":"nc75002281"},
{"type":"Feature","properties":{"mag":2,"place":"77 km SSW of Nanwalek, Alaska","time":1715006644334,"updated":1715006802355,"tz":null,"url":"https://earthquake.usgs.gov/earthquakes/eventpage/ak0245u9ul0x","detail":"https://earthquake.usgs.gov/earthquakes/feed/v1.0/detail/ak0245u9ul0x.geojson","felt":null,"cdi":null,"mmi":null,"alert":null,"status":"automatic","tsunami":0,"sig":62,"net":"ak","code":"0245u9ul0x","ids":",ak0245u9ul0x,","sources":",ak,","types":",origin,phase-data,","nst":null,"dmin":null,"rms":0.75,"gap":null,"magType":"ml","type":"earthquake","title":"M 2.0 - 77 km SSW of Nanwalek, Alaska"},"geometry":{"type":"Point","coordinates":[-152.5707,58.7417,52.5]},"id":"ak0245u9ul0x"},
{"type":"Feature","properties":{"mag":1.8,"place":"60 km W of Tyonek, Alaska","time":1715006372429,"updated":1715007130245,"tz":null,"url":"https://earthquake.usgs.gov/earthquakes/eventpage/ak0245u9tkm0","detail":"https://earthquake.usgs.gov/earthquakes/feed/v1.0/detail/ak0245u9tkm0.geojson","felt":null,"cdi":null,"mmi":null,"alert":null,"status":"automatic","tsunami":0,"sig":50,"net":"ak","code":"0245u9tkm0","ids":",ak0245u9tkm0,","sources":",ak,","types":",origin,phase-data,","nst":null,"dmin":null,"rms":0.63,"gap":null,"magType":"ml","type":"earthquake","title":"M 1.8 - 60 km W of Tyonek, Alaska"},"geometry":{"type":"Point","coordinates":[-152.2451,60.9953,106.1]},"id":"ak0245u9tkm0"},
{"type":"Feature","properties":{"mag":0.49,"place":"6 km NW of The Geysers, CA","time":1715006311120,"updated":1715006408479,"tz":null,"url":"https://earthquake.usgs.gov/earthquakes/eventpage/nc75002271","detail":"https://earthquake.usgs.gov/earthquakes/feed/v1.0/detail/nc75002271.geojson","felt":null,"cdi":null,"mmi":null,"alert":null,"status":"automatic","tsunami":0,"sig":4,"net":"nc","code":"75002271","ids":",nc75002271,","sources":",nc,","types":",nearby-cities,origin,phase-data,","nst":6,"dmin":0.008559,"rms":0.02,"gap":187,"magType":"md","type":"earthquake","title":"M 0.5 - 6 km NW of The Geysers, CA"},"geometry":{"type":"Point","coordinates":[-122.820999145508,38.803165435791,3.72000002861023]},"id":"nc75002271"},
{"type":"Feature","properties":{"mag":0.32,"place":"4 km W of The Geysers, CA","time":1715006130170,"updated":1715006228344,"tz":null,"url":"https://earthquake.usgs.gov/earthquakes/eventpage/nc75002266","detail":"https://earthquake.usgs.gov/earthquakes/feed/v1.0/detail/nc75002266.geojson","felt":null,"cdi":null,"mmi":null,"alert":null,"status":"automatic","tsunami":0,"sig":2,"net":"nc","code":"75002266","ids":",nc75002266,","sources":",nc,","types":",nearby-cities,origin,phase-data,","nst":6,"dmin":0.02387,"rms":0.03,"gap":215,"magType":"md","type":"earthquake","title":"M 0.3 - 4 km W of The Geysers, CA"},"geometry":{"type":"Point","coordinates":[-122.800666809082,38.7644996643066,5.01999998092651]},"id":"nc75002266"},
{"type":"Feature","properties":{"mag":0.95,"place":"6 km NNE of Banning, CA","time":1715005612290,"updated":1715006507326,"tz":null,"url":"https://earthquake.usgs.gov/earthquakes/eventpage/ci40740872","detail":"https://earthquake.usgs.gov/earthquakes/feed/v1.0/detail/ci40740872.geojson","felt":null,"cdi":null,"mmi":null,"alert":null,"status":"reviewed","tsunami":0,"sig":14,"net":"ci","code":"40740872","ids":",ci40740872,","sources":",ci,","types":",nearby-cities,origin,phase-data,scitech-link,","nst":21,"dmin":0.07254,"rms":0.11,"gap":95,"magType":"ml","type":"earthquake","title":"M 1.0 - 6 km NNE of Banning, CA"},"geometry":{"type":"Point","coordinates":[-116.8556667,33.9743333,18.76]},"id":"ci40740872"},
{"type":"Feature","properties":{"mag":0.69,"place":"9 km S of Idyllwild, CA","time":1715005145780,"updated":1715006522326,"tz":null,"url":"https://earthquake.usgs.gov/earthquakes/eventpage/ci40740864","detail":"https://earthquake.usgs.gov/earthquakes/feed/v1.0/detail/ci40740864.geojson","felt":null,"cdi":null,"mmi":null,"alert":null,"status":"reviewed","tsunami":0,"sig":7,"net":"ci","code":"40740864","ids":",ci40740864,","sources":",ci,","types":",nearby-cities,origin,phase-data,scitech-link,","nst":18,"dmin":0.042,"rms":0.09,"gap":67,"magType":"ml","type":"earthquake","title":"M 0.7 - 9 km S of Idyllwild, CA"},"geometry":{"type":"Point","coordinates":[-116.7223333,33.6576667,15.71]},"id":"ci40740864"},
{"type":"Feature","properties":{"mag":1.2,"place":"17 km NNW of Fishhook, Alaska","time":1715004714218,"updated":1715004814883,"tz":null,"url":"https://earthquake.usgs.gov/earthquakes/eventpage/ak0245u9nm8t","detail":"https://earthquake.usgs.gov/earthquakes/feed/v1.0/detail/ak0245u9nm8t.geojson","felt":null,"cdi":null,"mmi":null,"alert":null,"status":"automatic","tsunami":0,"sig":22,"net":"ak","code":"0245u9nm8t","ids":",ak0245u9nm8t,","sources":",ak,","types":",origin,phase-data,","nst":null,"dmin":null,"rms":0.44,"gap":null,"magType":"ml","type":"earthquake","title":"M 1.2 - 17 km NNW of Fishhook, Alaska"},"geometry":{"type":"Point","coordinates":[-149.3518,61.8947,8]},"id":"ak0245u9nm8t"},
{"type":"Feature","properties":{"mag":0.96,"place":"2 km NE of The Geysers, CA","time":1715003901370,"updated":1715003998196,"tz":null,"url":"https://earthquake.usgs.gov/earthquakes/eventpage/nc75002251","detail":"https://earthquake.usgs.gov/earthquakes/feed/v1.0/detail/nc75002251.geojson","felt":null,"cdi":null,"mmi":null,"alert":null,"status":"automatic","tsunami":0,"sig":14,"net":"nc","code":"75002251","ids":",nc75002251,","sources":",nc,","types":",nearby-cities,origin,phase-data,","nst":10,"dmin":0.01085,"rms":0.15,"gap":95,"magType":"md","type":"earthquake","title":"M 1.0 - 2 km NE of The Geysers, CA"},"geometry":{"type":"Point","coordinates":[-122.741836547852,38.7933349609375,-0.759999990463257]},"id":"nc75002251"},
{"type":"Feature","properties":{"mag":2.46,"place":"6 km E of Pahala, Hawaii","time":1715003851060,"updated":1715020255040,"tz":null,"url":"https://earthquake.usgs.gov/earthquakes/eventpage/hv74215507","detail":"https://earthquake.usgs.gov/earthquakes/feed/v1.0/detail/hv74215507.geojson","felt":null,"cdi":null,"mmi":null,"alert":null,"status":"automatic","tsunami":0,"sig":93,"net":"hv","code":"74215507","ids":",us6000mwp9,hv74215507,","sources":",us,hv,","types":",origin,phase-data,","nst":53,"dmin":0.06986,"rms":0.150000006,"gap":151,"magType":"ml","type":"earthquake","title":"M 2.5 - 6 km E of Pahala, Hawaii"},"geometry":{"type":"Point","coordinates":[-155.415832519531,19.2101669311523,31.0499992370605]},"id":"hv74215507"},
{"type":"Feature","properties":{"mag":1.6,"place":"43 km NW of Valdez, Alaska","time":1715003785727,"updated":1715003889367,"tz":null,"url":"https://earthquake.usgs.gov/earthquakes/eventpage/ak0245u9brnw","detail":"https://earthquake.usgs.gov/earthquakes/feed/v1.0/detail/ak0245u9brnw.geojson","felt":null,"cdi":null,"mmi":null,"alert":null,"status":"automatic","tsunami":0,"sig":39,"net":"ak","code":"0245u9brnw","ids":",ak0245u9brnw,","sources":",ak,","types":",origin,phase-data,","nst":null,"dmin":null,"rms":1.26,"gap":null,"magType":"ml","type":"earthquake","title":"M 1.6 - 43 km NW of Valdez, Alaska"},"geometry":{"type":"Point","coordinates":[-147.0005,61.367,0]},"id":"ak0245u9brnw"},
{"type":"Feature","properties":{"mag":1.1,"place":"3 km NE of The Geysers, CA","time":1715003736040,"updated":1715003833147,"tz":null,"url":"https://earthquake.usgs.gov/earthquakes/eventpage/nc75002246","detail":"https://earthquake.usgs.gov/earthquakes/feed/v1.0/detail/nc75002246.geojson","felt":null,"cdi":null,"mmi":null,"alert":null,"status":"automatic","tsunami":0,"sig":19,"net":"nc","code":"75002246","ids":",nc75002246,","sources":",nc,","types":",nearby-cities,origin,phase-data,","nst":16,"dmin":0.01325,"rms":0.03,"gap":100,"magType":"md","type":"earthquake","title":"M 1.1 - 3 km NE of The Geysers, CA"},"geometry":{"type":"Point","coordinates":[-122.737335205078,38.796501159668,1.26999998092651]},"id":"nc75002246"},
{"type":"Feature","properties":{"mag":1.05,"place":"12 km NNE of Healdsburg, CA","time":1715003247080,"updated":1715003343217,"tz":null,"url":"https://earthquake.usgs.gov/earthquakes/eventpage/nc75002236","detail":"https://earthquake.usgs.gov/earthquakes/feed/v1.0/detail/nc75002236.geojson","felt":null,"cdi":null,"mmi":null,"alert":null,"status":"automatic","tsunami":0,"sig":17,"net":"nc","code":"75002236","ids":",nc75002236,","sources":",nc,","types":",nearby-cities,origin,phase-data,","nst":9,"dmin":0.05617,"rms":0.03,"gap":170,"magType":"md","type":"earthquake","title":"M 1.1 - 12 km NNE of Healdsburg, CA"},"geometry":{"type":"Point","coordinates":[-122.861999511719,38.7138328552246,5.34000015258789]},"id":"nc75002236"},
{"type":"Feature","properties":{"mag":1.28,"place":"1 km NNW of The Geysers, CA","time":1715002740820,"updated":1715002838824,"tz":null,"url":"https://earthquake.usgs.gov/earthquakes/eventpage/nc75002231","detail":"https://earthquake.usgs.gov/earthquakes/feed/v1.0/detail/nc75002231.geojson","felt":null,"cdi":null,"mmi":null,"alert":null,"status":"automatic","tsunami":0,"sig":25,"net":"nc","code":"75002231","ids":",nc75002231,","sources":",nc,","types":",nearby-cities,origin,phase-data,","nst":26,"dmin":0.01389,"rms":0.03,"gap":76,"magType":"md","type":"earthquake","title":"M 1.3 - 1 km NNW of The Geysers, CA"},"geometry":{"type":"Point","coordinates":[-122.766166687012,38.7876663208008,1.99000000953674]},"id":"nc75002231"},
{"type":"Feature","properties":{"mag":1.07,"place":"6 km WNW of Cobb, CA","time":1715002711860,"updated":1715002807865,"tz":null,"url":"https://earthquake.usgs.gov/earthquakes/eventpage/nc75002226","detail":"https://earthquake.usgs.gov/earthquakes/feed/v1.0/detail/nc75002226.geojson","felt":null,"cdi":null,"mmi":null,"alert":null,"status":"automatic","tsunami":0,"sig":18,"net":"nc","code":"75002226","ids":",nc75002226,","sources":",nc,","types":",nearby-cities,origin,phase-data,","nst":16,"dmin":0.01168,"rms":0.03,"gap":43,"magType":"md","type":"earthquake","title":"M 1.1 - 6 km WNW of Cobb, CA"},"geometry":{"type":"Point","coordinates":[-122.795333862305,38.8253326416016,1]},"id":"nc75002226"},
{"type":"Feature","properties":{"mag":1,"place":"15 km SW of Thatcher, Utah","time":1715002702520,"updated":1715023385880,"tz":null,"url":"https://earthquake.usgs.gov/earthquakes/eventpage/uu80068846","detail":"https://earthquake.usgs.gov/earthquakes/feed/v1.0/detail/uu80068846.geojson","felt":null,"cdi":null,"mmi":null,"alert":null,"status":"reviewed","tsunami":0,"sig":15,"net":"uu","code":"80068846","ids":",uu80068846,","sources":",uu,","types":",origin,phase-data,","nst":5,"dmin":0.1178,"rms":0.02,"gap":118,"magType":"md","type":"earthquake","title":"M 1.0 - 15 km SW of Thatcher, Utah"},"geometry":{"type":"Point","coordinates":[-112.404,41.5863333333333,11.38]},"id":"uu80068846"},
{"type":"Feature","properties":{"mag":1.66,"place":"6 km WNW of Cobb, CA","time":1715002677610,"updated":1715002773243,"tz":null,"url":"https://earthquake.usgs.gov/earthquakes/eventpage/nc75002221","detail":"https://earthquake.usgs.gov/earthquakes/feed/v1.0/detail/nc75002221.geojson","felt":null,"cdi":null,"mmi":null,"alert":null,"status":"automatic","tsunami":0,"sig":42,"net":"nc","code":"75002221","ids":",nc75002221,","sources":",nc,","types":",nearby-cities,origin,phase-data,","nst":24,"dmin":0.01206,"rms":0.02,"gap":36,"magType":"md","type":"earthquake","title":"M 1.7 - 6 km WNW of Cobb, CA"},"geometry":{"type":"Point","coordinates":[-122.794830322266,38.8253326416016,1.20000004768372]},"id":"nc75002221"},
{"type":"Feature","properties":{"mag":0.27,"place":"6 km WNW of Cobb, CA","time":1715002246790,"updated":1715002342961,"tz":null,"url":"https://earthquake.usgs.gov/earthquakes/eventpage/nc75002206","detail":"https://earthquake.usgs.gov/earthquakes/feed/v1.0/detail/nc75002206.geojson","felt":null,"cdi":null,"mmi":null,"alert":null,"status":"automatic","tsunami":0,"sig":1,"net":"nc","code":"75002206","ids":",nc75002206,","sources":",nc,","types":",nearby-cities,origin,phase-data,","nst":7,"dmin":0.01222,"rms":0.01,"gap":103,"magType":"md","type":"earthquake","title":"M 0.3 - 6 km WNW of Cobb, CA"},"geometry":{"type":"Point","coordinates":[-122.794998168945,38.8266677856445,0.930000007152557]},"id":"nc75002206"},
{"type":"Feature","properties":{"mag":1.91,"place":"16 km SW of Thatcher, Utah","time":1715001429390,"updated":1715004612860,"tz":null,"url":"https://earthquake.usgs.gov/earthquakes/eventpage/uu80068841","detail":"https://earthquake.usgs.gov/earthquakes/feed/v1.0/detail/uu80068841.geojson","felt":null,"cdi":null,"mmi":null,"alert":null,"status":"reviewed","tsunami":0,"sig":56,"net":"uu","code":"80068841","ids":",uu80068841,","sources":",uu,","types":",origin,phase-data,","nst":18,"dmin":0.1259,"rms":0.2,"gap":92,"magType":"ml","type":"earthquake","title":"M 1.9 - 16 km SW of Thatcher, Utah"},"geometry":{"type":"Point","coordinates":[-112.413666666667,41.5756666666667,2.19]},"id":"uu80068841"},
{"type":"Feature","properties":{"mag":1,"place":"8 km SW of Corona, CA","time":1715001378790,"updated":1715001743718,"tz":null,"url":"https://earthquake.usgs.gov/earthquakes/eventpage/ci40740832","detail":"https://earthquake.usgs.gov/earthquakes/feed/v1.0/detail/ci40740832.geojson","felt":null,"cdi":null,"mmi":null,"alert":null,"status":"automatic","tsunami":0,"sig":15,"net":"ci","code":"40740832","ids":",ci40740832,","sources":",ci,","types":",nearby-cities,origin,phase-data,scitech-link,","nst":19,"dmin":0.03717,"rms":0.16,"gap":57,"magType":"ml","type":"earthquake","title":"M 1.0 - 8 km SW of Corona, CA"},"geometry":{"type":"Point","coordinates":[-117.64,33.8221667,4.32]},"id":"ci40740832"},
{"type":"Feature","properties":{"mag":3.01,"place":"7 km NNE of Tierras Nuevas Poniente, Puerto Rico","time":1715001342950,"updated":1715004783670,"tz":null,"url":"https://earthquake.usgs.gov/earthquakes/eventpage/pr71447908","detail":"https://earthquake.usgs.gov/earthquakes/feed/v1.0/detail/pr71447908.geojson","felt":null,"cdi":null,"mmi":null,"alert":null,"status":"reviewed","tsunami":0,"sig":139,"net":"pr","code":"71447908","ids":",pr71447908,","sources":",pr,","types":",origin,phase-data,","nst":10,"dmin":0.2132,"rms":0.09,"gap":248,"magType":"md","type":"earthquake","title":"M 3.0 - 7 km NNE of Tierras Nuevas Poniente, Puerto Rico"},"geometry":{"type":"Point","coordinates":[-66.4506666666667,18.516,76.45]},"id":"pr71447908"},
{"type":"Feature","properties":{"mag":2.3,"place":"3 km WSW of Fuig, Puerto Rico","time":1715001202220,"updated":1715005200140,"tz":null,"url":"https://earthquake.usgs.gov/earthquakes/eventpage/pr71447898","detail":"https://earthquake.usgs.gov/earthquakes/feed/v1.0/detail/pr71447898.geojson","felt":null,"cdi":null,"mmi":null,"alert":null,"status":"reviewed","tsunami":0,"sig":81,"net":"pr","code":"71447898","ids":",pr71447898,","sources":",pr,","types":",origin,phase-data,","nst":11,"dmin":0.06323,"rms":0.15,"gap":170,"magType":"md","type":"earthquake","title":"M 2.3 - 3 km WSW of Fuig, Puerto Rico"},"geometry":{"type":"Point","coordinates":[-66.9455,17.9798333333333,13.29]},"id":"pr71447898"},
{"type":"Feature","properties":{"mag":0.99,"place":"2 km NNE of The Geysers, CA","time":1715001013750,"updated":1715001108724,"tz":null,"url":"https://earthquake.usgs.gov/earthquakes/eventpage/nc75002201","detail":"https://earthquake.usgs.gov/earthquakes/feed/v1.0/detail/nc75002201.geojson","felt":null,"cdi":null,"mmi":null,"alert":null,"status":"automatic","tsunami":0,"sig":15,"net":"nc","code":"75002201","ids":",nc75002201,","sources":",nc,","types":",nearby-cities,origin,phase-data,","nst":9,"dmin":0.009481,"rms":0.03,"gap":94,"magType":"md","type":"earthquake","title":"M 1.0 - 2 km NNE of The Geysers, CA"},"geometry":{"type":"Point","coordinates":[-122.749000549316,38.7961654663086,1.3400000333786]},"id":"nc75002201"},
{"type":"Feature","properties":{"mag":0.79,"place":"7 km WNW of Cobb, CA","time":1715000934360,"updated":1715001033800,"tz":null,"url":"https://earthquake.usgs.gov/earthquakes/eventpage/nc75002196","detail":"https://earthquake.usgs.gov/earthquakes/feed/v1.0/detail/nc75002196.geojson","felt":null,"cdi":null,"mmi":null,"alert":null,"status":"automatic","tsunami":0,"sig":10,"net":"nc","code":"75002196","ids":",nc75002196,","sources":",nc,","types":",nearby-cities,origin,phase-data,","nst":20,"dmin":0.01102,"rms":0.02,"gap":51,"magType":"md","type":"earthquake","title":"M 0.8 - 7 km WNW of Cobb, CA"},"geometry":{"type":"Point","coordinates":[-122.80549621582,38.8338317871094,2.66000008583069]},"id":"nc75002196"},
{"type":"Feature","properties":{"mag":1.9,"place":"6 km SW of Volcano, Hawaii","time":1715000890580,"updated":1715001048400,"tz":null,"url":"https://earthquake.usgs.gov/earthquakes/eventpage/hv74215497","detail":"https://earthquake.usgs.gov/earthquakes/feed/v1.0/detail/hv74215497.geojson","felt":null,"cdi":null,"mmi":null,"alert":null,"status":"automatic","tsunami":0,"sig":56,"net":"hv","code":"74215497","ids":",hv74215497,","sources":",hv,","types":",origin,phase-data,","nst":9,"dmin":0.01335,"rms":0.119999997,"gap":65,"magType":"ml","type":"earthquake","title":"M 1.9 - 6 km SW of Volcano, Hawaii"},"geometry":{"type":"Point","coordinates":[-155.275665283203,19.3986663818359,1.19000005722046]},"id":"hv74215497"},
{"type":"Feature","properties":{"mag":1.17,"place":"3 km SSW of Anderson Springs, CA","time":1715000568430,"updated":1715000662372,"tz":null,"url":"https://earthquake.usgs.gov/earthquakes/eventpage/nc75002191","detail":"https://earthquake.usgs.gov/earthquakes/feed/v1.0/detail/nc75002191.geojson","felt":null,"cdi":null,"mmi":null,"alert":null,"status":"automatic","tsunami":0,"sig":21,"net":"nc","code":"75002191","ids":",nc75002191,","sources":",nc,","types":",nearby-cities,origin,phase-data,","nst":9,"dmin":0.04377,"rms":0.07,"gap":87,"magType":"md","type":"earthquake","title":"M 1.2 - 3 km SSW of Anderson Springs, CA"},"geometry":{"type":"Point","coordinates":[-122.704002380371,38.7476654052734,4.03000020980835]},"id":"nc75002191"},
{"type":"Feature","properties":{"mag":1.06,"place":"3 km SSW of Anderson Springs, CA","time":1715000531700,"updated":1715000627732,"tz":null,"url":"https://earthquake.usgs.gov/earthquakes/eventpage/nc75002186","detail":"https://earthquake.usgs.gov/earthquakes/feed/v1.0/detail/nc75002186.geojson","felt":null,"cdi":null,"mmi":null,"alert":null,"status":"automatic","tsunami":0,"sig":17,"net":"nc","code":"75002186","ids":",nc75002186,","sources":",nc,","types":",nearby-cities,origin,phase-data,","nst":9,"dmin":0.01869,"rms":0.02,"gap":86,"magType":"md","type":"earthquake","title":"M 1.1 - 3 km SSW of Anderson Springs, CA"},"geometry":{"type":"Point","coordinates":[-122.700836181641,38.7495002746582,0.75]},"id":"nc75002186"},
{"type":"Feature","properties":{"mag":1.74,"place":"2 km NNW of Palos Verdes Estates, CA","time":1715000467060,"updated":1715046207470,"tz":null,"url":"https://earthquake.usgs.gov/earthquakes/eventpage/ci40740824","detail":"https://earthquake.usgs.gov/earthquakes/feed/v1.0/detail/ci40740824.geojson","felt":1,"cdi":2.2,"mmi":null,"alert":null,"status":"automatic","tsunami":0,"sig":47,"net":"ci","code":"40740824","ids":",ci40740824,","sources":",ci,","types":",dyfi,nearby-cities,origin,phase-data,scitech-link,","nst":26,"dmin":0.06931,"rms":0.22,"gap":114,"magType":"ml","type":"earthquake","title":"M 1.7 - 2 km NNW of Palos Verdes Estates, CA"},"geometry":{"type":"Point","coordinates":[-118.3983333,33.816,11.65]},"id":"ci40740824"},
{"type":"Feature","properties":{"mag":1.9,"place":"5 km ESE of Califon, New Jersey","time":1715000457694,"updated":1715051120158,"tz":null,"url":"https://earthquake.usgs.gov/earthquakes/eventpage/us6000mws5","detail":"https://earthquake.usgs.gov/earthquakes/feed/v1.0/detail/us6000mws5.geojson","felt":17,"cdi":4.1,"mmi":null,"alert":null,"status":"reviewed","tsunami":0,"sig":63,"net":"us","code":"6000mws5","ids":",us6000mws5,","sources":",us,","types":",dyfi,origin,phase-data,","nst":14,"dmin":0.02,"rms":0.09,"gap":129,"magType":"ml","type":"earthquake","title":"M 1.9 - 5 km ESE of Califon, New Jersey"},"geometry":{"type":"Point","coordinates":[-74.7763,40.69,4.936]},"id":"us6000mws5"},
{"type":"Feature","properties":{"mag":1.38,"place":"3 km NNW of Lakeport, CA","time":1715000438210,"updated":1715000532742,"tz":null,"url":"https://earthquake.usgs.gov/earthquakes/eventpage/nc75002181","detail":"https://earthquake.usgs.gov/earthquakes/feed/v1.0/detail/nc75002181.geojson","felt":null,"cdi":null,"mmi":null,"alert":null,"status":"automatic","tsunami":0,"sig":29,"net":"nc","code":"75002181","ids":",nc75002181,","sources":",nc,","types":",nearby-cities,origin,phase-data,","nst":4,"dmin":0.2548,"rms":0.1,"gap":190,"magType":"md","type":"earthquake","title":"M 1.4 - 3 km NNW of Lakeport, CA"},"geometry":{"type":"Point","coordinates":[-122.936332702637,39.0666656494141,4.19999980926514]},"id":"nc75002181"},
{"type":"Feature","properties":{"mag":1.7,"place":"24 km E of Skwentna, Alaska","time":1715000349590,"updated":1715001149097,"tz":null,"url":"https://earthquake.usgs.gov/earthquakes/eventpage/ak0245u8qxye","detail":"https://earthquake.usgs.gov/earthquakes/feed/v1.0/detail/ak0245u8qxye.geojson","felt":0,"cdi":1,"mmi":null,"alert":null,"status":"automatic","tsunami":0,"sig":44,"net":"ak","code":"0245u8qxye","ids":",ak0245u8qxye,","sources":",ak,","types":",dyfi,origin,phase-data,","nst":null,"dmin":null,"rms":0.83,"gap":null,"magType":"ml","type":"earthquake","title":"M 1.7 - 24 km E of Skwentna, Alaska"},"geometry":{"type":"Point","coordinates":[-150.9357,61.9932,7.3]},"id":"ak0245u8qxye"},
{"type":"Feature","properties":{"mag":2.27,"place":"9 km SW of Guanica, Puerto Rico","time":1715000341030,"updated":1715003820690,"tz":null,"url":"https://earthquake.usgs.gov/earthquakes/eventpage/pr71447888","detail":"https://earthquake.usgs.gov/earthquakes/feed/v1.0/detail/pr71447888.geojson","felt":null,"cdi":null,"mmi":null,"alert":null,"status":"reviewed","tsunami":0,"sig":79,"net":"pr","code":"71447888","ids":",pr71447888,","sources":",pr,","types":",origin,phase-data,","nst":7,"dmin":0.09345,"rms":0.08,"gap":243,"magType":"md","type":"earthquake","title":"M 2.3 - 9 km SW of Guanica, Puerto Rico"},"geometry":{"type":"Point","coordinates":[-66.9695,17.9085,12.51]},"id":"pr71447888"},
{"type":"Feature","properties":{"mag":1.09,"place":"15 km SW of Thatcher, Utah","time":1715000334440,"updated":1715010070330,"tz":null,"url":"https://earthquake.usgs.gov/earthquakes/eventpage/uu80068836","detail":"https://earthquake.usgs.gov/earthquakes/feed/v1.0/detail/uu80068836.geojson","felt":null,"cdi":null,"mmi":null,"alert":null,"status":"reviewed","tsunami":0,"sig":18,"net":"uu","code":"80068836","ids":",uu80068836,","sources":",uu,","types":",origin,phase-data,","nst":8,"dmin":0.1337,"rms":0.1,"gap":122,"magType":"md","type":"earthquake","title":"M 1.1 - 15 km SW of Thatcher, Utah"},"geometry":{"type":"Point","coordinates":[-112.425333333333,41.5945,-0.08]},"id":"uu80068836"},
{"type":"Feature","properties":{"mag":1.2,"place":"46 km SW of Skwentna, Alaska","time":1715000004421,"updated":1715000103295,"tz":null,"url":"https://earthquake.usgs.gov/earthquakes/eventpage/ak0245u8pot6","detail":"https://earthquake.usgs.gov/earthquakes/feed/v1.0/detail/ak0245u8pot6.geojson","felt":null,"cdi":null,"mmi":null,"alert":null,"status":"automatic","tsunami":0,"sig":22,"net":"ak","code":"0245u8pot6","ids":",ak0245u8pot6,","sources":",ak,","types":",origin,phase-data,","nst":null,"dmin":null,"rms":0.07,"gap":null,"magType":"ml","type":"earthquake","title":"M 1.2 - 46 km SW of Skwentna, Alaska"},"geometry":{"type":"Point","coordinates":[-152.0292,61.6965,103.4]},"id":"ak0245u8pot6"},
{"type":"Feature","properties":{"mag":0.99,"place":"20 km ENE of Milford, Utah","time":1714999893280,"updated":1715009741600,"tz":null,"url":"https://earthquake.usgs.gov/earthquakes/eventpage/uu80068831","detail":"https://earthquake.usgs.gov/earthquakes/feed/v1.0/detail/uu80068831.geojson","felt":null,"cdi":null,"mmi":null,"alert":null,"status":"reviewed","tsunami":0,"sig":15,"net":"uu","code":"80068831","ids":",uu80068831,","sources":",uu,","types":",origin,phase-data,","nst":20,"dmin":0.02026,"rms":0.11,"gap":73,"magType":"ml","type":"earthquake","title":"M 1.0 - 20 km ENE of Milford, Utah"},"geometry":{"type":"Point","coordinates":[-112.799833333333,38.472,4.15]},"id":"uu80068831"},
{"type":"Feature","properties":{"mag":1.02,"place":"16 km NE of Stanley, Idaho","time":1714999827970,"updated":1715009524750,"tz":null,"url":"https://earthquake.usgs.gov/earthquakes/eventpage/mb90049493","detail":"https://earthquake.usgs.gov/earthquakes/feed/v1.0/detail/mb90049493.geojson","felt":null,"cdi":null,"mmi":null,"alert":null,"status":"reviewed","tsunami":0,"sig":16,"net":"mb","code":"90049493","ids":",mb90049493,","sources":",mb,","types":",origin,phase-data,","nst":6,"dmin":0.2342,"rms":0.15,"gap":133,"magType":"ml","type":"earthquake","title":"M 1.0 - 16 km NE of Stanley, Idaho"},"geometry":{"type":"Point","coordinates":[-114.817833333333,44.3395,4.42]},"id":"mb90049493"},
{"type":"Feature","properties":{"mag":1.53,"place":"6 km WNW of Cobb, CA","time":1714999752780,"updated":1714999847683,"tz":null,"url":"https://earthquake.usgs.gov/earthquakes/eventpage/nc75002176","detail":"https://earthquake.usgs.gov/earthquakes/feed/v1.0/detail/nc75002176.geojson","felt":null,"cdi":null,"mmi":null,"alert":null,"status":"automatic","tsunami":0,"sig":36,"net":"nc","code":"75002176","ids":",nc75002176,","sources":",nc,","types":",nearby-cities,origin,phase-data,","nst":24,"dmin":0.01212,"rms":0.03,"gap":61,"magType":"md","type":"earthquake","title":"M 1.5 - 6 km WNW of Cobb, CA"},"geometry":{"type":"Point","coordinates":[-122.794830322266,38.8256683349609,1.13999998569489]},"id":"nc75002176"},
{"type":"Feature","properties":{"mag":1.79999995,"place":"7 km S of Volcano, Hawaii","time":1714999444800,"updated":1714999536460,"tz":null,"url":"https://earthquake.usgs.gov/earthquakes/eventpage/hv74215487","detail":"https://earthquake.usgs.gov/earthquakes/feed/v1.0/detail/hv74215487.geojson","felt":null,"cdi":null,"mmi":null,"alert":null,"status":"automatic","tsunami":0,"sig":50,"net":"hv","code":"74215487","ids":",hv74215487,","sources":",hv,","types":",origin,phase-data,","nst":8,"dmin":0.006416,"rms":0.109999999,"gap":156,"magType":"md","type":"earthquake","title":"M 1.8 - 7 km S of Volcano, Hawaii"},"geometry":{"type":"Point","coordinates":[-155.233840942383,19.3741664886475,1.86000001430511]},"id":"hv74215487"},
{"type":"Feature","properties":{"mag":1.25,"place":"16 km NE of Stanley, Idaho","time":1714999409650,"updated":1715009293670,"tz":null,"url":"https://earthquake.usgs.gov/earthquakes/eventpage/mb90049488","detail":"https://earthquake.usgs.gov/earthquakes/feed/v1.0/detail/mb90049488.geojson","felt":null,"cdi":null,"mmi":null,"alert":null,"status":"reviewed","tsunami":0,"sig":24,"net":"mb","code":"90049488","ids":",mb90049488,","sources":",mb,","types":",origin,phase-data,","nst":10,"dmin":0.2284,"rms":0.07,"gap":86,"magType":"ml","type":"earthquake","title":"M 1.3 - 16 km NE of Stanley, Idaho"},"geometry":{"type":"Point","coordinates":[-114.807,44.3328333333333,2.66]},"id":"mb90049488"},
{"type":"Feature","properties":{"mag":0.93,"place":"9 km WNW of Cobb, CA","time":1714999052090,"updated":1714999148457,"tz":null,"url":"https://earthquake.usgs.gov/earthquakes/eventpage/nc75002171","detail":"https://earthquake.usgs.gov/earthquakes/feed/v1.0/detail/nc75002171.geojson","felt":null,"cdi":null,"mmi":null,"alert":null,"status":"automatic","tsunami":0,"sig":13,"net":"nc","code":"75002171","ids":",nc75002171,","sources":",nc,","types":",nearby-cities,origin,phase-data,","nst":17,"dmin":0.009463,"rms":0.01,"gap":107,"magType":"md","type":"earthquake","title":"M 0.9 - 9 km WNW of Cobb, CA"},"geometry":{"type":"Point","coordinates":[-122.827163696289,38.8456649780273,1.97000002861023]},"id":"nc75002171"},
{"type":"Feature","properties":{"mag":2.04,"place":"15 km SW of Thatcher, Utah","time":1714998209650,"updated":1715001664480,"tz":null,"url":"https://earthquake.usgs.gov/earthquakes/eventpage/uu80068826","detail":"https://earthquake.usgs.gov/earthquakes/feed/v1.0/detail/uu80068826.geojson","felt":null,"cdi":null,"mmi":null,"alert":null,"status":"reviewed","tsunami":0,"sig":64,"net":"uu","code":"80068826","ids":",uu80068826,","sources":",uu,","types":",origin,phase-data,","nst":25,"dmin":0.1322,"rms":0.19,"gap":91,"magType":"ml","type":"earthquake","title":"M 2.0 - 15 km SW of Thatcher, Utah"},"geometry":{"type":"Point","coordinates":[-112.423333333333,41.5948333333333,7.02]},"id":"uu80068826"},
{"type":"Feature","properties":{"mag":1.11,"place":"15 km SW of Thatcher, Utah","time":1714997955780,"updated":1715008660490,"tz":null,"url":"https://earthquake.usgs.gov/earthquakes/eventpage/uu80068821","detail":"https://earthquake.usgs.gov/earthquakes/feed/v1.0/detail/uu80068821.geojson","felt":null,"cdi":null,"mmi":null,"alert":null,"status":"reviewed","tsunami":0,"sig":19,"net":"uu","code":"80068821","ids":",uu80068821,","sources":",uu,","types":",origin,phase-data,","nst":12,"dmin":0.1232,"rms":0.09,"gap":90,"magType":"ml","type":"earthquake","title":"M 1.1 - 15 km SW of Thatcher, Utah"},"geometry":{"type":"Point","coordinates":[-112.411,41.5835,6.1]},"id":"uu80068821"},
{"type":"Feature","properties":{"mag":2.12,"place":"9 km SW of Corona, CA","time":1714997049370,"updated":1715002667010,"tz":null,"url":"https://earthquake.usgs.gov/earthquakes/eventpage/ci40740808","detail":"https://earthquake.usgs.gov/earthquakes/feed/v1.0/detail/ci40740808.geojson","felt":2,"cdi":3.1,"mmi":null,"alert":null,"status":"reviewed","tsunami":0,"sig":70,"net":"ci","code":"40740808","ids":",ci40740808,","sources":",ci,","types":",dyfi,focal-mechanism,nearby-cities,origin,phase-data,scitech-link,","nst":105,"dmin":0.03226,"rms":0.22,"gap":17,"magType":"ml","type":"earthquake","title":"M 2.1 - 9 km SW of Corona, CA"},"geometry":{"type":"Point","coordinates":[-117.639,33.8158333,4.07]},"id":"ci40740808"},
{"type":"Feature","properties":{"mag":0.69,"place":"4 km NNW of Valle Vista, CA","time":1714996864360,"updated":1715002641715,"tz":null,"url":"https://earthquake.usgs.gov/earthquakes/eventpage/ci40740800","detail":"https://earthquake.usgs.gov/earthquakes/feed/v1.0/detail/ci40740800.geojson","felt":null,"cdi":null,"mmi":null,"alert":null,"status":"reviewed","tsunami":0,"sig":7,"net":"ci","code":"40740800","ids":",ci40740800,","sources":",ci,","types":",nearby-cities,origin,phase-data,scitech-link,","nst":20,"dmin":0.09787,"rms":0.11,"gap":90,"magType":"ml","type":"earthquake","title":"M 0.7 - 4 km NNW of Valle Vista, CA"},"geometry":{"type":"Point","coordinates":[-116.902,33.7835,11.25]},"id":"ci40740800"},
{"type":"Feature","properties":{"mag":1.3,"place":"13 km WNW of Anza, CA","time":1714995756110,"updated":1714996177543,"tz":null,"url":"https://earthquake.usgs.gov/earthquakes/eventpage/ci40740784","detail":"https://earthquake.usgs.gov/earthquakes/feed/v1.0/detail/ci40740784.geojson","felt":null,"cdi":null,"mmi":null,"alert":null,"status":"automatic","tsunami":0,"sig":26,"net":"ci","code":"40740784","ids":",ci40740784,","sources":",ci,","types":",nearby-cities,origin,phase-data,scitech-link,","nst":11,"dmin":0.03871,"rms":0.08,"gap":113,"magType":"ml","type":"earthquake","title":"M 1.3 - 13 km WNW of Anza, CA"},"geometry":{"type":"Point","coordinates":[-116.8085,33.5825,7.46]},"id":"ci40740784"},
{"type":"Feature","properties":{"mag":1.94,"place":"6 km NNW of Delta, B.C., MX","time":1714995594200,"updated":1714996070177,"tz":null,"url":"https://earthquake.usgs.gov/earthquakes/eventpage/ci40740776","detail":"https://earthquake.usgs.gov/earthquakes/feed/v1.0/detail/ci40740776.geojson","felt":null,"cdi":null,"mmi":null,"alert":null,"status":"automatic","tsunami":0,"sig":58,"net":"ci","code":"40740776","ids":",ci40740776,","sources":",ci,","types":",nearby-cities,origin,phase-data,scitech-link,","nst":27,"dmin":0.06862,"rms":0.3,"gap":52,"magType":"ml","type":"earthquake","title":"M 1.9 - 6 km NNW of Delta, B.C., MX"},"geometry":{"type":"Point","coordinates":[-115.2263333,32.4026667,7.79]},"id":"ci40740776"},
{"type":"Feature","properties":{"mag":1.8,"place":"56 km W of Tyonek, Alaska","time":1714995566856,"updated":1714995709264,"tz":null,"url":"https://earthquake.usgs.gov/earthquakes/eventpage/ak0245u819d9","detail":"https://earthquake.usgs.gov/earthquakes/feed/v1.0/detail/ak0245u819d9.geojson","felt":null,"cdi":null,"mmi":null,"alert":null,"status":"automatic","tsunami":0,"sig":50,"net":"ak","code":"0245u819d9","ids":",ak0245u819d9,","sources":",ak,","types":",origin,phase-data,","nst":null,"dmin":null,"rms":1.26,"gap":null,"magType":"ml","type":"earthquake","title":"M 1.8 - 56 km W of Tyonek, Alaska"},"geometry":{"type":"Point","coordinates":[-152.1775,61.0681,0.1]},"id":"ak0245u819d9"},
{"type":"Feature","properties":{"mag":0.3,"place":"13 km WNW of Anza, CA","time":1714995444930,"updated":1714995871042,"tz":null,"url":"https://earthquake.usgs.gov/earthquakes/eventpage/ci40740768","detail":"https://earthquake.usgs.gov/earthquakes/feed/v1.0/detail/ci40740768.geojson","felt":null,"cdi":null,"mmi":null,"alert":null,"status":"automatic","tsunami":0,"sig":1,"net":"ci","code":"40740768","ids":",ci40740768,","sources":",ci,","types":",nearby-cities,origin,phase-data,scitech-link,","nst":20,"dmin":0.03551,"rms":0.18,"gap":53,"magType":"ml","type":"earthquake","title":"M 0.3 - 13 km WNW of Anza, CA"},"geometry":{"type":"Point","coordinates":[-116.8055,33.5855,6.77]},"id":"ci40740768"},
{"type":"Feature","properties":{"mag":1.2,"place":"16 km SW of Thatcher, Utah","time":1714995398980,"updated":1715025642470,"tz":null,"url":"https://earthquake.usgs.gov/earthquakes/eventpage/uu80068816","detail":"https://earthquake.usgs.gov/earthquakes/feed/v1.0/detail/uu80068816.geojson","felt":null,"cdi":null,"mmi":null,"alert":null,"status":"reviewed","tsunami":0,"sig":22,"net":"uu","code":"80068816","ids":",uu80068816,","sources":",uu,","types":",origin,phase-data,","nst":7,"dmin":0.1407,"rms":0.12,"gap":125,"magType":"md","type":"earthquake","title":"M 1.2 - 16 km SW of Thatcher, Utah"},"geometry":{"type":"Point","coordinates":[-112.4345,41.5843333333333,5.34]},"id":"uu80068816"},
{"type":"Feature","properties":{"mag":5.3,"place":"198 km NNE of Egvekinot, Russia","time":1714993917573,"updated":1714999709463,"tz":null,"url":"https://earthquake.usgs.gov/earthquakes/eventpage/us6000mwnp","detail":"https://earthquake.usgs.gov/earthquakes/feed/v1.0/detail/us6000mwnp.geojson","felt":1,"cdi":1,"mmi":null,"alert":null,"status":"reviewed","tsunami":0,"sig":432,"net":"us","code":"6000mwnp","ids":",us6000mwnp,","sources":",us,","types":",dyfi,origin,phase-data,","nst":123,"dmin":4.553,"rms":1.2,"gap":27,"magType":"mww","type":"earthquake","title":"M 5.3 - 198 km NNE of Egvekinot, Russia"},"geometry":{"type":"Point","coordinates":[-177.6181,68.0065,10]},"id":"us6000mwnp"},
{"type":"Feature","properties":{"mag":1.12,"place":"7 km ENE of Morgan Hill, CA","time":1714993057570,"updated":1714993154066,"tz":null,"url":"https://earthquake.usgs.gov/earthquakes/eventpage/nc75002156","detail":"https://earthquake.usgs.gov/earthquakes/feed/v1.0/detail/nc75002156.geojson","felt":null,"cdi":null,"mmi":null,"alert":null,"status":"automatic","tsunami":0,"sig":19,"net":"nc","code":"75002156","ids":",nc75002156,","sources":",nc,","types":",nearby-cities,origin,phase-data,","nst":8,"dmin":0.02209,"rms":0.02,"gap":105,"magType":"md","type":"earthquake","title":"M 1.1 - 7 km ENE of Morgan Hill, CA"},"geometry":{"type":"Point","coordinates":[-121.600166320801,37.1703338623047,3.45000004768372]},"id":"nc75002156"},
{"type":"Feature","properties":{"mag":0.73,"place":"6 km NNW of The Geysers, CA","time":1714992433130,"updated":1714992528679,"tz":null,"url":"https://earthquake.usgs.gov/earthquakes/eventpage/nc75002151","detail":"https://earthquake.usgs.gov/earthquakes/feed/v1.0/detail/nc75002151.geojson","felt":null,"cdi":null,"mmi":null,"alert":null,"status":"automatic","tsunami":0,"sig":8,"net":"nc","code":"75002151","ids":",nc75002151,","sources":",nc,","types":",nearby-cities,origin,phase-data,","nst":13,"dmin":0.004627,"rms":0.02,"gap":65,"magType":"md","type":"earthquake","title":"M 0.7 - 6 km NNW of The Geysers, CA"},"geometry":{"type":"Point","coordinates":[-122.804496765137,38.821834564209,1.82000005245209]},"id":"nc75002151"},
{"type":"Feature","properties":{"mag":1.05,"place":"16 km SW of Thatcher, Utah","time":1714992046050,"updated":1715009478740,"tz":null,"url":"https://earthquake.usgs.gov/earthquakes/eventpage/uu80068806","detail":"https://earthquake.usgs.gov/earthquakes/feed/v1.0/detail/uu80068806.geojson","felt":null,"cdi":null,"mmi":null,"alert":null,"status":"reviewed","tsunami":0,"sig":17,"net":"uu","code":"80068806","ids":",uu80068806,","sources":",uu,","types":",origin,phase-data,","nst":13,"dmin":0.1302,"rms":0.13,"gap":92,"magType":"md","type":"earthquake","title":"M 1.1 - 16 km SW of Thatcher, Utah"},"geometry":{"type":"Point","coordinates":[-112.419,41.5736666666667,3.74]},"id":"uu80068806"},
{"type":"Feature","properties":{"mag":4.9,"place":"south of Africa","time":1714991909544,"updated":1714993328040,"tz":null,"url":"https://earthquake.usgs.gov/earthquakes/eventpage/us6000mwnm","detail":"https://earthquake.usgs.gov/earthquakes/feed/v1.0/detail/us6000mwnm.geojson","felt":null,"cdi":null,"mmi":null,"alert":null,"status":"reviewed","tsunami":0,"sig":369,"net":"us","code":"6000mwnm","ids":",us6000mwnm,","sources":",us,","types":",origin,phase-data,","nst":25,"dmin":20.217,"rms":0.57,"gap":89,"magType":"mb","type":"earthquake","title":"M 4.9 - south of Africa"},"geometry":{"type":"Point","coordinates":[21.2652,-52.6067,10]},"id":"us6000mwnm"},
{"type":"Feature","properties":{"mag":0.25,"place":"7 km NNW of The Geysers, CA","time":1714991822940,"updated":1714991917771,"tz":null,"url":"https://earthquake.usgs.gov/earthquakes/eventpage/nc75002146","detail":"https://earthquake.usgs.gov/earthquakes/feed/v1.0/detail/nc75002146.geojson","felt":null,"cdi":null,"mmi":null,"alert":null,"status":"automatic","tsunami":0,"sig":1,"net":"nc","code":"75002146","ids":",nc75002146,","sources":",nc,","types":",nearby-cities,origin,phase-data,","nst":9,"dmin":0.01713,"rms":0.01,"gap":73,"magType":"md","type":"earthquake","title":"M 0.3 - 7 km NNW of The Geysers, CA"},"geometry":{"type":"Point","coordinates":[-122.806335449219,38.8266677856445,2.97000002861023]},"id":"nc75002146"},
{"type":"Feature","properties":{"mag":1,"place":"12 km SSE of Livengood, Alaska","time":1714991731895,"updated":1714991871596,"tz":null,"url":"https://earthquake.usgs.gov/earthquakes/eventpage/ak0245u7ez9y","detail":"https://earthquake.usgs.gov/earthquakes/feed/v1.0/detail/ak0245u7ez9y.geojson","felt":null,"cdi":null,"mmi":null,"alert":null,"status":"automatic","tsunami":0,"sig":15,"net":"ak","code":"0245u7ez9y","ids":",ak0245u7ez9y,","sources":",ak,","types":",origin,phase-data,","nst":null,"dmin":null,"rms":0.64,"gap":null,"magType":"ml","type":"earthquake","title":"M 1.0 - 12 km SSE of Livengood, Alaska"},"geometry":{"type":"Point","coordinates":[-148.4463,65.422,13.9]},"id":"ak0245u7ez9y"},
{"type":"Feature","properties":{"mag":0.45,"place":"13 km WNW of Anza, CA","time":1714991498180,"updated":1714991853559,"tz":null,"url":"https://earthquake.usgs.gov/earthquakes/eventpage/ci40740752","detail":"https://earthquake.usgs.gov/earthquakes/feed/v1.0/detail/ci40740752.geojson","felt":null,"cdi":null,"mmi":null,"alert":null,"status":"automatic","tsunami":0,"sig":3,"net":"ci","code":"40740752","ids":",ci40740752,","sources":",ci,","types":",nearby-cities,origin,phase-data,scitech-link,","nst":31,"dmin":0.03753,"rms":0.18,"gap":42,"magType":"ml","type":"earthquake","title":"M 0.5 - 13 km WNW of Anza, CA"},"geometry":{"type":"Point","coordinates":[-116.8065,33.5811667,7.28]},"id":"ci40740752"},
{"type":"Feature","properties":{"mag":1.7,"place":"53 km N of Larsen Bay, Alaska","time":1714991007848,"updated":1714991111318,"tz":null,"url":"https://earthquake.usgs.gov/earthquakes/eventpage/ak0245u7ceds","detail":"https://earthquake.usgs.gov/earthquakes/feed/v1.0/detail/ak0245u7ceds.geojson","felt":null,"cdi":null,"mmi":null,"alert":null,"status":"automatic","tsunami":0,"sig":44,"net":"ak","code":"0245u7ceds","ids":",ak0245u7ceds,","sources":",ak,","types":",origin,phase-data,","nst":null,"dmin":null,"rms":0.15,"gap":null,"magType":"ml","type":"earthquake","title":"M 1.7 - 53 km N of Larsen Bay, Alaska"},"geometry":{"type":"Point","coordinates":[-153.9536,58.0171,58.2]},"id":"ak0245u7ceds"},
{"type":"Feature","properties":{"mag":2.3,"place":"43 km NW of Valdez, Alaska","time":1714990890927,"updated":1714990985376,"tz":null,"url":"https://earthquake.usgs.gov/earthquakes/eventpage/ak0245u7bz6s","detail":"https://earthquake.usgs.gov/earthquakes/feed/v1.0/detail/ak0245u7bz6s.geojson","felt":null,"cdi":null,"mmi":null,"alert":null,"status":"automatic","tsunami":0,"sig":81,"net":"ak","code":"0245u7bz6s","ids":",ak0245u7bz6s,","sources":",ak,","types":",origin,phase-data,","nst":null,"dmin":null,"rms":0.56,"gap":null,"magType":"ml","type":"earthquake","title":"M 2.3 - 43 km NW of Valdez, Alaska"},"geometry":{"type":"Point","coordinates":[-146.9802,61.3735,20.2]},"id":"ak0245u7bz6s"},
{"type":"Feature","properties":{"mag":0.75,"place":"2 km ENE of The Geysers, CA","time":1714990601490,"updated":1714990697436,"tz":null,"url":"https://earthquake.usgs.gov/earthquakes/eventpage/nc75002141","detail":"https://earthquake.usgs.gov/earthquakes/feed/v1.0/detail/nc75002141.geojson","felt":null,"cdi":null,"mmi":null,"alert":null,"status":"automatic","tsunami":0,"sig":9,"net":"nc","code":"75002141","ids":",nc75002141,","sources":",nc,","types":",nearby-cities,origin,phase-data,","nst":8,"dmin":0.0231,"rms":0.01,"gap":85,"magType":"md","type":"earthquake","title":"M 0.8 - 2 km ENE of The Geysers, CA"},"geometry":{"type":"Point","coordinates":[-122.737167358398,38.7856674194336,1.75]},"id":"nc75002141"},
{"type":"Feature","properties":{"mag":2.6,"place":"78 km ENE of Chignik, Alaska","time":1714990580224,"updated":1714990697247,"tz":null,"url":"https://earthquake.usgs.gov/earthquakes/eventpage/ak0245u7avs6","detail":"https://earthquake.usgs.gov/earthquakes/feed/v1.0/detail/ak0245u7avs6.geojson","felt":null,"cdi":null,"mmi":null,"alert":null,"status":"automatic","tsunami":0,"sig":104,"net":"ak","code":"0245u7avs6","ids":",ak0245u7avs6,","sources":",ak,","types":",origin,phase-data,","nst":null,"dmin":null,"rms":1.51,"gap":null,"magType":"ml","type":"earthquake","title":"M 2.6 - 78 km ENE of Chignik, Alaska"},"geometry":{"type":"Point","coordinates":[-157.2402,56.5862,86.3]},"id":"ak0245u7avs6"},
{"type":"Feature","properties":{"mag":1.07,"place":"20 km ESE of Point Sur, CA","time":1714989880030,"updated":1715033289453,"tz":null,"url":"https://earthquake.usgs.gov/earthquakes/eventpage/nc75002126","detail":"https://earthquake.usgs.gov/earthquakes/feed/v1.0/detail/nc75002126.geojson","felt":null,"cdi":null,"mmi":null,"alert":null,"status":"reviewed","tsunami":0,"sig":18,"net":"nc","code":"75002126","ids":",nc75002126,","sources":",nc,","types":",nearby-cities,origin,phase-data,","nst":25,"dmin":0.08069,"rms":0.12,"gap":101,"magType":"md","type":"earthquake","title":"M 1.1 - 20 km ESE of Point Sur, CA"},"geometry":{"type":"Point","coordinates":[-121.678166666667,36.2645,11.54]},"id":"nc75002126"},
{"type":"Feature","properties":{"mag":5.4,"place":"27 km SSW of Hualien City, Taiwan","time":1714989165708,"updated":1715011204961,"tz":null,"url":"https://earthquake.usgs.gov/earthquakes/eventpage/us6000mwnh","detail":"https://earthquake.usgs.gov/earthquakes/feed/v1.0/detail/us6000mwnh.geojson","felt":28,"cdi":7.9,"mmi":5.72,"alert":"green","status":"reviewed","tsunami":0,"sig":471,"net":"us","code":"6000mwnh","ids":",us6000mwnh,","sources":",us,","types":",dyfi,losspager,moment-tensor,origin,phase-data,shakemap,","nst":116,"dmin":0.41,"rms":1.1,"gap":32,"magType":"mwr","type":"earthquake","title":"M 5.4 - 27 km SSW of Hualien City, Taiwan"},"geometry":{"type":"Point","coordinates":[121.5507,23.7314,28.867]},"id":"us6000mwnh"},
{"type":"Feature","properties":{"mag":1.27,"place":"17 km NNE of New Meadows, Idaho","time":1714989042700,"updated":1715008103530,"tz":null,"url":"https://earthquake.usgs.gov/earthquakes/eventpage/mb90049448","detail":"https://earthquake.usgs.gov/earthquakes/feed/v1.0/detail/mb90049448.geojson","felt":null,"cdi":null,"mmi":null,"alert":null,"status":"reviewed","tsunami":0,"sig":25,"net":"mb","code":"90049448","ids":",mb90049448,","sources":",mb,","types":",origin,phase-data,","nst":7,"dmin":0.1679,"rms":0.11,"gap":128,"magType":"ml","type":"earthquake","title":"M 1.3 - 17 km NNE of New Meadows, Idaho"},"geometry":{"type":"Point","coordinates":[-116.232833333333,45.1203333333333,3.91]},"id":"mb90049448"},
{"type":"Feature","properties":{"mag":5.6,"place":"27 km S of Hualien City, Taiwan","time":1714988730617,"updated":1715034358103,"tz":null,"url":"https://earthquake.usgs.gov/earthquakes/eventpage/us6000mwnf","detail":"https://earthquake.usgs.gov/earthquakes/feed/v1.0/detail/us6000mwnf.geojson","felt":32,"cdi":5.5,"mmi":6.216,"alert":"green","status":"reviewed","tsunami":0,"sig":500,"net":"us","code":"6000mwnf","ids":",us6000mwnf,","sources":",us,","types":",dyfi,losspager,moment-tensor,origin,phase-data,shakemap,","nst":92,"dmin":0.422,"rms":1.28,"gap":35,"magType":"mww","type":"earthquake","title":"M 5.6 - 27 km S of Hualien City, Taiwan"},"geometry":{"type":"Point","coordinates":[121.5806,23.7257,19.958]},"id":"us6000mwnf"},
{"type":"Feature","properties":{"mag":1.8,"place":"48 km SSW of Nanwalek, Alaska","time":1714987755377,"updated":1714987841648,"tz":null,"url":"https://earthquake.usgs.gov/earthquakes/eventpage/ak0245u6s841","detail":"https://earthquake.usgs.gov/earthquakes/feed/v1.0/detail/ak0245u6s841.geojson","felt":null,"cdi":null,"mmi":null,"alert":null,"status":"automatic","tsunami":0,"sig":50,"net":"ak","code":"0245u6s841","ids":",ak0245u6s841,","sources":",ak,","types":",origin,phase-data,","nst":null,"dmin":null,"rms":0.3,"gap":null,"magType":"ml","type":"earthquake","title":"M 1.8 - 48 km SSW of Nanwalek, Alaska"},"geometry":{"type":"Point","coordinates":[-152.3449,58.9744,58.4]},"id":"ak0245u6s841"},
{"type":"Feature","properties":{"mag":0.5,"place":"5 km SW of Salcha, Alaska","time":1714987525816,"updated":1714987642705,"tz":null,"url":"https://earthquake.usgs.gov/earthquakes/eventpage/ak0245u6re1x","detail":"https://earthquake.usgs.gov/earthquakes/feed/v1.0/detail/ak0245u6re1x.geojson","felt":null,"cdi":null,"mmi":null,"alert":null,"status":"automatic","tsunami":0,"sig":4,"net":"ak","code":"0245u6re1x","ids":",ak0245u6re1x,","sources":",ak,","types":",origin,phase-data,","nst":null,"dmin":null,"rms":0.81,"gap":null,"magType":"ml","type":"earthquake","title":"M 0.5 - 5 km SW of Salcha, Alaska"},"geometry":{"type":"Point","coordinates":[-146.9832,64.4865,7]},"id":"ak0245u6re1x"},
{"type":"Feature","properties":{"mag":1.71000004,"place":"9 km ENE of Pahala, Hawaii","time":1714987386260,"updated":1714987474710,"tz":null,"url":"https://earthquake.usgs.gov/earthquakes/eventpage/hv74215347","detail":"https://earthquake.usgs.gov/earthquakes/feed/v1.0/detail/hv74215347.geojson","felt":null,"cdi":null,"mmi":null,"alert":null,"status":"automatic","tsunami":0,"sig":45,"net":"hv","code":"74215347","ids":",hv74215347,","sources":",hv,","types":",origin,phase-data,","nst":36,"dmin":0.08522,"rms":0.129999995,"gap":150,"magType":"md","type":"earthquake","title":"M 1.7 - 9 km ENE of Pahala, Hawaii"},"geometry":{"type":"Point","coordinates":[-155.399002075195,19.2486667633057,30.3199996948242]},"id":"hv74215347"},
{"type":"Feature","properties":{"mag":0.22,"place":"8 km WNW of Cobb, CA","time":1714987382740,"updated":1714987477188,"tz":null,"url":"https://earthquake.usgs.gov/earthquakes/eventpage/nc75002096","detail":"https://earthquake.usgs.gov/earthquakes/feed/v1.0/detail/nc75002096.geojson","felt":null,"cdi":null,"mmi":null,"alert":null,"status":"automatic","tsunami":0,"sig":1,"net":"nc","code":"75002096","ids":",nc75002096,","sources":",nc,","types":",nearby-cities,origin,phase-data,","nst":9,"dmin":0.01435,"rms":0.03,"gap":98,"magType":"md","type":"earthquake","title":"M 0.2 - 8 km WNW of Cobb, CA"},"geometry":{"type":"Point","coordinates":[-122.815330505371,38.8371658325195,2.16000008583069]},"id":"nc75002096"},
{"type":"Feature","properties":{"mag":1.4,"place":"75 km NW of Skwentna, Alaska","time":1714987143052,"updated":1714987272049,"tz":null,"url":"https://earthquake.usgs.gov/earthquakes/eventpage/ak0245u6q201","detail":"https://earthquake.usgs.gov/earthquakes/feed/v1.0/detail/ak0245u6q201.geojson","felt":null,"cdi":null,"mmi":null,"alert":null,"status":"automatic","tsunami":0,"sig":30,"net":"ak","code":"0245u6q201","ids":",ak0245u6q201,","sources":",ak,","types":",origin,phase-data,","nst":null,"dmin":null,"rms":0.52,"gap":null,"magType":"ml","type":"earthquake","title":"M 1.4 - 75 km NW of Skwentna, Alaska"},"geometry":{"type":"Point","coordinates":[-152.2687,62.5292,128.1]},"id":"ak0245u6q201"},
{"type":"Feature","properties":{"mag":1.11,"place":"16 km SW of Thatcher, Utah","time":1714986961540,"updated":1715010248290,"tz":null,"url":"https://earthquake.usgs.gov/earthquakes/eventpage/uu80068801","detail":"https://earthquake.usgs.gov/earthquakes/feed/v1.0/detail/uu80068801.geojson","felt":null,"cdi":null,"mmi":null,"alert":null,"status":"reviewed","tsunami":0,"sig":19,"net":"uu","code":"80068801","ids":",uu80068801,","sources":",uu,","types":",origin,phase-data,","nst":13,"dmin":0.1421,"rms":0.17,"gap":93,"magType":"md","type":"earthquake","title":"M 1.1 - 16 km SW of Thatcher, Utah"},"geometry":{"type":"Point","coordinates":[-112.436333333333,41.585,1.04]},"id":"uu80068801"},
{"type":"Feature","properties":{"mag":2.19,"place":"9 km WSW of Volcano, Hawaii","time":1714986550480,"updated":1714986714170,"tz":null,"url":"https://earthquake.usgs.gov/earthquakes/eventpage/hv74215327","detail":"https://earthquake.usgs.gov/earthquakes/feed/v1.0/detail/hv74215327.geojson","felt":null,"cdi":null,"mmi":null,"alert":null,"status":"automatic","tsunami":0,"sig":74,"net":"hv","code":"74215327","ids":",hv74215327,","sources":",hv,","types":",origin,phase-data,","nst":11,"dmin":0.02808,"rms":0.289999992,"gap":103,"magType":"ml","type":"earthquake","title":"M 2.2 - 9 km WSW of Volcano, Hawaii"},"geometry":{"type":"Point","coordinates":[-155.313507080078,19.4023342132568,0.419999986886978]},"id":"hv74215327"},
{"type":"Feature","properties":{"mag":2.19,"place":"6 km SW of Volcano, Hawaii","time":1714986550190,"updated":1714986710130,"tz":null,"url":"https://earthquake.usgs.gov/earthquakes/eventpage/hv74215322","detail":"https://earthquake.usgs.gov/earthquakes/feed/v1.0/detail/hv74215322.geojson","felt":null,"cdi":null,"mmi":null,"alert":null,"status":"automatic","tsunami":0,"sig":74,"net":"hv","code":"74215322","ids":",hv74215322,","sources":",hv,","types":",origin,phase-data,","nst":28,"dmin":0.002141,"rms":0.180000007,"gap":43,"magType":"ml","type":"earthquake","title":"M 2.2 - 6 km SW of Volcano, Hawaii"},"geometry":{"type":"Point","coordinates":[-155.271835327148,19.3966674804688,1.50999999046326]},"id":"hv74215322"},
{"type":"Feature","properties":{"mag":1.85,"place":"9 km SW of Corona, CA","time":1714986097220,"updated":1715002730270,"tz":null,"url":"https://earthquake.usgs.gov/earthquakes/eventpage/ci40740736","detail":"https://earthquake.usgs.gov/earthquakes/feed/v1.0/detail/ci40740736.geojson","felt":null,"cdi":null,"mmi":null,"alert":null,"status":"reviewed","tsunami":0,"sig":53,"net":"ci","code":"40740736","ids":",ci40740736,","sources":",ci,","types":",focal-mechanism,nearby-cities,origin,phase-data,scitech-link,","nst":103,"dmin":0.03344,"rms":0.21,"gap":15,"magType":"ml","type":"earthquake","title":"M 1.9 - 9 km SW of Corona, CA"},"geometry":{"type":"Point","coordinates":[-117.6405,33.8161667,4.38]},"id":"ci40740736"},
{"type":"Feature","properties":{"mag":0.91,"place":"17 km SW of Thatcher, Utah","time":1714985639480,"updated":1715025515980,"tz":null,"url":"https://earthquake.usgs.gov/earthquakes/eventpage/uu80068796","detail":"https://earthquake.usgs.gov/earthquakes/feed/v1.0/detail/uu80068796.geojson","felt":null,"cdi":null,"mmi":null,"alert":null,"status":"reviewed","tsunami":0,"sig":13,"net":"uu","code":"80068796","ids":",uu80068796,","sources":",uu,","types":",origin,phase-data,","nst":6,"dmin":0.1359,"rms":0.15,"gap":124,"magType":"md","type":"earthquake","title":"M 0.9 - 17 km SW of Thatcher, Utah"},"geometry":{"type":"Point","coordinates":[-112.427333333333,41.5771666666667,3.87]},"id":"uu80068796"},
{"type":"Feature","properties":{"mag":1.08,"place":"16 km WSW of Basin City, Washington","time":1714985066860,"updated":1715007011770,"tz":null,"url":"https://earthquake.usgs.gov/earthquakes/eventpage/uw61994712","detail":"https://earthquake.usgs.gov/earthquakes/feed/v1.0/detail/uw61994712.geojson","felt":null,"cdi":null,"mmi":null,"alert":null,"status":"reviewed","tsunami":0,"sig":18,"net":"uw","code":"61994712","ids":",uw61994712,","sources":",uw,","types":",origin,phase-data,","nst":14,"dmin":0.003137,"rms":0.1,"gap":88,"magType":"ml","type":"earthquake","title":"M 1.1 - 16 km WSW of Basin City, Washington"},"geometry":{"type":"Point","coordinates":[-119.36433333333333,46.55616666666667,14.99]},"id":"uw61994712"},
{"type":"Feature","properties":{"mag":1.1,"place":"43 km SSE of Denali National Park, Alaska","time":1714983991270,"updated":1714984662448,"tz":null,"url":"https://earthquake.usgs.gov/earthquakes/eventpage/ak0245u666ow","detail":"https://earthquake.usgs.gov/earthquakes/feed/v1.0/detail/ak0245u666ow.geojson","felt":null,"cdi":null,"mmi":null,"alert":null,"status":"automatic","tsunami":0,"sig":19,"net":"ak","code":"0245u666ow","ids":",ak0245u666ow,","sources":",ak,","types":",origin,phase-data,","nst":null,"dmin":null,"rms":0.66,"gap":null,"magType":"ml","type":"earthquake","title":"M 1.1 - 43 km SSE of Denali National Park, Alaska"},"geometry":{"type":"Point","coordinates":[-151.3337,63.1893,0]},"id":"ak0245u666ow"},
{"type":"Feature","properties":{"mag":1.74,"place":"16 km S of Tres Pinos, CA","time":1714983810290,"updated":1714983907743,"tz":null,"url":"https://earthquake.usgs.gov/earthquakes/eventpage/nc75002086","detail":"https://earthquake.usgs.gov/earthquakes/feed/v1.0/detail/nc75002086.geojson","felt":null,"cdi":null,"mmi":null,"alert":null,"status":"automatic","tsunami":0,"sig":47,"net":"nc","code":"75002086","ids":",nc75002086,","sources":",nc,","types":",nearby-cities,origin,phase-data,","nst":20,"dmin":0.03991,"rms":0.13,"gap":74,"magType":"md","type":"earthquake","title":"M 1.7 - 16 km S of Tres Pinos, CA"},"geometry":{"type":"Point","coordinates":[-121.30549621582,36.6501655578613,4.90000009536743]},"id":"nc75002086"},
{"type":"Feature","properties":{"mag":0.81,"place":"14 km ENE of Borrego Springs, CA","time":1714982898620,"updated":1714983251350,"tz":null,"url":"https://earthquake.usgs.gov/earthquakes/eventpage/ci40740728","detail":"https://earthquake.usgs.gov/earthquakes/feed/v1.0/detail/ci40740728.geojson","felt":null,"cdi":null,"mmi":null,"alert":null,"status":"automatic","tsunami":0,"sig":10,"net":"ci","code":"40740728","ids":",ci40740728,","sources":",ci,","types":",nearby-cities,origin,phase-data,scitech-link,","nst":38,"dmin":0.07674,"rms":0.19,"gap":53,"magType":"ml","type":"earthquake","title":"M 0.8 - 14 km ENE of Borrego Springs, CA"},"geometry":{"type":"Point","coordinates":[-116.2376667,33.3146667,5.38]},"id":"ci40740728"},
{"type":"Feature","properties":{"mag":0.82,"place":"7 km NW of The Geysers, CA","time":1714982679970,"updated":1714982776732,"tz":null,"url":"https://earthquake.usgs.gov/earthquakes/eventpage/nc75002081","detail":"https://earthquake.usgs.gov/earthquakes/feed/v1.0/detail/nc75002081.geojson","felt":null,"cdi":null,"mmi":null,"alert":null,"status":"automatic","tsunami":0,"sig":10,"net":"nc","code":"75002081","ids":",nc75002081,","sources":",nc,","types":",nearby-cities,origin,phase-data,","nst":9,"dmin":0.009824,"rms":0.04,"gap":84,"magType":"md","type":"earthquake","title":"M 0.8 - 7 km NW of The Geysers, CA"},"geometry":{"type":"Point","coordinates":[-122.823997497559,38.8178329467773,1.76999998092651]},"id":"nc75002081"},
{"type":"Feature","properties":{"mag":0.99,"place":"15 km SW of Thatcher, Utah","time":1714982445300,"updated":1715011604860,"tz":null,"url":"https://earthquake.usgs.gov/earthquakes/eventpage/uu80068786","detail":"https://earthquake.usgs.gov/earthquakes/feed/v1.0/detail/uu80068786.geojson","felt":null,"cdi":null,"mmi":null,"alert":null,"status":"reviewed","tsunami":0,"sig":15,"net":"uu","code":"80068786","ids":",uu80068786,","sources":",uu,","types":",origin,phase-data,","nst":11,"dmin":0.1297,"rms":0.19,"gap":90,"magType":"md","type":"earthquake","title":"M 1.0 - 15 km SW of Thatcher, Utah"},"geometry":{"type":"Point","coordinates":[-112.42,41.5955,0.55]},"id":"uu80068786"},
{"type":"Feature","properties":{"mag":0.72,"place":"8 km NNW of The Geysers, CA","time":1714981951670,"updated":1714982046608,"tz":null,"url":"https://earthquake.usgs.gov/earthquakes/eventpage/nc75002066","detail":"https://earthquake.usgs.gov/earthquakes/feed/v1.0/detail/nc75002066.geojson","felt":null,"cdi":null,"mmi":null,"alert":null,"status":"automatic","tsunami":0,"sig":8,"net":"nc","code":"75002066","ids":",nc75002066,","sources":",nc,","types":",nearby-cities,origin,phase-data,","nst":16,"dmin":0.0152,"rms":0.03,"gap":58,"magType":"md","type":"earthquake","title":"M 0.7 - 8 km NNW of The Geysers, CA"},"geometry":{"type":"Point","coordinates":[-122.817001342773,38.8338317871094,1.01999998092651]},"id":"nc75002066"},
{"type":"Feature","properties":{"mag":1.1,"place":"49 km SSW of Lake Minchumina, Alaska","time":1714981882202,"updated":1714981979776,"tz":null,"url":"https://earthquake.usgs.gov/earthquakes/eventpage/ak0245u5q36k","detail":"https://earthquake.usgs.gov/earthquakes/feed/v1.0/detail/ak0245u5q36k.geojson","felt":null,"cdi":null,"mmi":null,"alert":null,"status":"automatic","tsunami":0,"sig":19,"net":"ak","code":"0245u5q36k","ids":",ak0245u5q36k,","sources":",ak,","types":",origin,phase-data,","nst":null,"dmin":null,"rms":0.22,"gap":null,"magType":"ml","type":"earthquake","title":"M 1.1 - 49 km SSW of Lake Minchumina, Alaska"},"geometry":{"type":"Point","coordinates":[-152.7439,63.4869,16.3]},"id":"ak0245u5q36k"},
{"type":"Feature","properties":{"mag":0.84,"place":"16 km SW of Thatcher, Utah","time":1714981801770,"updated":1715012054570,"tz":null,"url":"https://earthquake.usgs.gov/earthquakes/eventpage/uu80068781","detail":"https://earthquake.usgs.gov/earthquakes/feed/v1.0/detail/uu80068781.geojson","felt":null,"cdi":null,"mmi":null,"alert":null,"status":"reviewed","tsunami":0,"sig":11,"net":"uu","code":"80068781","ids":",uu80068781,","sources":",uu,","types":",origin,phase-data,","nst":8,"dmin":0.1322,"rms":0.17,"gap":99,"magType":"md","type":"earthquake","title":"M 0.8 - 16 km SW of Thatcher, Utah"},"geometry":{"type":"Point","coordinates":[-112.423166666667,41.585,0.57]},"id":"uu80068781"},
{"type":"Feature","properties":{"mag":1.17,"place":"8 km NNW of Fontana, CA","time":1714981690780,"updated":1715002733210,"tz":null,"url":"https://earthquake.usgs.gov/earthquakes/eventpage/ci40740720","detail":"https://earthquake.usgs.gov/earthquakes/feed/v1.0/detail/ci40740720.geojson","felt":null,"cdi":null,"mmi":null,"alert":null,"status":"reviewed","tsunami":0,"sig":21,"net":"ci","code":"40740720","ids":",ci40740720,","sources":",ci,","types":",focal-mechanism,nearby-cities,origin,phase-data,scitech-link,","nst":50,"dmin":0.06639,"rms":0.17,"gap":35,"magType":"ml","type":"earthquake","title":"M 1.2 - 8 km NNW of Fontana, CA"},"geometry":{"type":"Point","coordinates":[-117.4796667,34.1668333,7]},"id":"ci40740720"},
{"type":"Feature","properties":{"mag":1.5,"place":"5 km NNW of Healy, Alaska","time":1714981577915,"updated":1714981763793,"tz":null,"url":"https://earthquake.usgs.gov/earthquakes/eventpage/ak0245u5p08h","detail":"https://earthquake.usgs.gov/earthquakes/feed/v1.0/detail/ak0245u5p08h.geojson","felt":null,"cdi":null,"mmi":null,"alert":null,"status":"automatic","tsunami":0,"sig":35,"net":"ak","code":"0245u5p08h","ids":",ak0245u5p08h,","sources":",ak,","types":",origin,phase-data,","nst":null,"dmin":null,"rms":2.03,"gap":null,"magType":"ml","type":"earthquake","title":"M 1.5 - 5 km NNW of Healy, Alaska"},"geometry":{"type":"Point","coordinates":[-149.0213,63.9029,88.7]},"id":"ak0245u5p08h"},
{"type":"Feature","properties":{"mag":4.6,"place":"Drake Passage","time":1714981062701,"updated":1715008005040,"tz":null,"url":"https://earthquake.usgs.gov/earthquakes/eventpage/us6000mwn4","detail":"https://earthquake.usgs.gov/earthquakes/feed/v1.0/detail/us6000mwn4.geojson","felt":null,"cdi":null,"mmi":null,"alert":null,"status":"reviewed","tsunami":0,"sig":326,"net":"us","code":"6000mwn4","ids":",us6000mwn4,","sources":",us,","types":",origin,phase-data,","nst":23,"dmin":5.846,"rms":0.83,"gap":115,"magType":"mb","type":"earthquake","title":"M 4.6 - Drake Passage"},"geometry":{"type":"Point","coordinates":[-60.6396,-59.1728,10]},"id":"us6000mwn4"},
{"type":"Feature","properties":{"mag":2.12,"place":"5 km SW of Volcano, Hawaii","time":1714980700650,"updated":1714980857020,"tz":null,"url":"https://earthquake.usgs.gov/earthquakes/eventpage/hv74215167","detail":"https://earthquake.usgs.gov/earthquakes/feed/v1.0/detail/hv74215167.geojson","felt":null,"cdi":null,"mmi":null,"alert":null,"status":"automatic","tsunami":0,"sig":69,"net":"hv","code":"74215167","ids":",hv74215167,","sources":",hv,","types":",origin,phase-data,","nst":21,"dmin":0.0107,"rms":0.180000007,"gap":53,"magType":"ml","type":"earthquake","title":"M 2.1 - 5 km SW of Volcano, Hawaii"},"geometry":{"type":"Point","coordinates":[-155.26432800293,19.4015007019043,1.37999999523163]},"id":"hv74215167"},
{"type":"Feature","properties":{"mag":2.16,"place":"5 km SW of Volcano, Hawaii","time":1714980697590,"updated":1714980872540,"tz":null,"url":"https://earthquake.usgs.gov/earthquakes/eventpage/hv74215172","detail":"https://earthquake.usgs.gov/earthquakes/feed/v1.0/detail/hv74215172.geojson","felt":null,"cdi":null,"mmi":null,"alert":null,"status":"automatic","tsunami":0,"sig":72,"net":"hv","code":"74215172","ids":",hv74215172,","sources":",hv,","types":",origin,phase-data,","nst":12,"dmin":0.01297,"rms":0.180000007,"gap":58,"magType":"ml","type":"earthquake","title":"M 2.2 - 5 km SW of Volcano, Hawaii"},"geometry":{"type":"Point","coordinates":[-155.26383972168,19.4044990539551,0.330000013113022]},"id":"hv74215172"},
{"type":"Feature","properties":{"mag":0.7,"place":"8 km WNW of Cobb, CA","time":1714978966120,"updated":1714979062190,"tz":null,"url":"https://earthquake.usgs.gov/earthquakes/eventpage/nc75002061","detail":"https://earthquake.usgs.gov/earthquakes/feed/v1.0/detail/nc75002061.geojson","felt":null,"cdi":null,"mmi":null,"alert":null,"status":"automatic","tsunami":0,"sig":8,"net":"nc","code":"75002061","ids":",nc75002061,","sources":",nc,","types":",nearby-cities,origin,phase-data,","nst":9,"dmin":0.01435,"rms":0,"gap":67,"magType":"md","type":"earthquake","title":"M 0.7 - 8 km WNW of Cobb, CA"},"geometry":{"type":"Point","coordinates":[-122.808670043945,38.8395004272461,2.01999998092651]},"id":"nc75002061"},
{"type":"Feature","properties":{"mag":0.98,"place":"13 km SSW of Thatcher, Utah","time":1714978381920,"updated":1715025445880,"tz":null,"url":"https://earthquake.usgs.gov/earthquakes/eventpage/uu80068776","detail":"https://earthquake.usgs.gov/earthquakes/feed/v1.0/detail/uu80068776.geojson","felt":null,"cdi":null,"mmi":null,"alert":null,"status":"reviewed","tsunami":0,"sig":15,"net":"uu","code":"80068776","ids":",uu80068776,","sources":",uu,","types":",origin,phase-data,","nst":4,"dmin":0.09516,"rms":0.12,"gap":158,"magType":"md","type":"earthquake","title":"M 1.0 - 13 km SSW of Thatcher, Utah"},"geometry":{"type":"Point","coordinates":[-112.3735,41.5831666666667,12.06]},"id":"uu80068776"},
{"type":"Feature","properties":{"mag":1.12,"place":"7 km NNW of Smiths Ferry, Idaho","time":1714977838160,"updated":1715007807190,"tz":null,"url":"https://earthquake.usgs.gov/earthquakes/eventpage/mb90049428","detail":"https://earthquake.usgs.gov/earthquakes/feed/v1.0/detail/mb90049428.geojson","felt":null,"cdi":null,"mmi":null,"alert":null,"status":"reviewed","tsunami":0,"sig":19,"net":"mb","code":"90049428","ids":",mb90049428,","sources":",mb,","types":",origin,phase-data,","nst":8,"dmin":0.06322,"rms":0.09,"gap":95,"magType":"ml","type":"earthquake","title":"M 1.1 - 7 km NNW of Smiths Ferry, Idaho"},"geometry":{"type":"Point","coordinates":[-116.1075,44.3646666666667,7.88]},"id":"mb90049428"},
{"type":"Feature","properties":{"mag":2.19,"place":"9 km SE of Belmont, North Carolina","time":1714977675290,"updated":1715048237705,"tz":null,"url":"https://earthquake.usgs.gov/earthquakes/eventpage/se60501923","detail":"https://earthquake.usgs.gov/earthquakes/feed/v1.0/detail/se60501923.geojson","felt":13,"cdi":2.7,"mmi":null,"alert":null,"status":"reviewed","tsunami":0,"sig":77,"net":"se","code":"60501923","ids":",se60501923,","sources":",se,","types":",dyfi,origin,phase-data,","nst":17,"dmin":0.3171,"rms":0.37,"gap":71,"magType":"md","type":"earthquake","title":"M 2.2 - 9 km SE of Belmont, North Carolina"},"geometry":{"type":"Point","coordinates":[-80.9516666666667,35.195,3.75]},"id":"se60501923"},
{"type":"Feature","properties":{"mag":4.9,"place":"77 km WNW of Ollague, Chile","time":1714977030347,"updated":1715021614337,"tz":null,"url":"https://earthquake.usgs.gov/earthquakes/eventpage/us6000mwmw","detail":"https://earthquake.usgs.gov/earthquakes/feed/v1.0/detail/us6000mwmw.geojson","felt":5,"cdi":3.5,"mmi":null,"alert":null,"status":"reviewed","tsunami":0,"sig":371,"net":"us","code":"6000mwmw","ids":",us6000mwmw,","sources":",us,","types":",dyfi,origin,phase-data,","nst":80,"dmin":0.605,"rms":1.29,"gap":45,"magType":"mb","type":"earthquake","title":"M 4.9 - 77 km WNW of Ollague, Chile"},"geometry":{"type":"Point","coordinates":[-68.8786,-20.8359,106.308]},"id":"us6000mwmw"},
{"type":"Feature","properties":{"mag":1.6,"place":"32 km NNW of Cordova, Alaska","time":1714976807667,"updated":1714976900102,"tz":null,"url":"https://earthquake.usgs.gov/earthquakes/eventpage/ak0245u4zcn2","detail":"https://earthquake.usgs.gov/earthquakes/feed/v1.0/detail/ak0245u4zcn2.geojson","felt":null,"cdi":null,"mmi":null,"alert":null,"status":"automatic","tsunami":0,"sig":39,"net":"ak","code":"0245u4zcn2","ids":",ak0245u4zcn2,","sources":",ak,","types":",origin,phase-data,","nst":null,"dmin":null,"rms":0.27,"gap":null,"magType":"ml","type":"earthquake","title":"M 1.6 - 32 km NNW of Cordova, Alaska"},"geometry":{"type":"Point","coordinates":[-145.954,60.8141,25.2]},"id":"ak0245u4zcn2"},
{"type":"Feature","properties":{"mag":4.8,"place":"54 km SE of Koseda, Japan","time":1714976784232,"updated":1715009997040,"tz":null,"url":"https://earthquake.usgs.gov/earthquakes/eventpage/us6000mwmv","detail":"https://earthquake.usgs.gov/earthquakes/feed/v1.0/detail/us6000mwmv.geojson","felt":null,"cdi":null,"mmi":null,"alert":null,"status":"reviewed","tsunami":0,"sig":354,"net":"us","code":"6000mwmv","ids":",us6000mwmv,","sources":",us,","types":",origin,phase-data,","nst":77,"dmin":1.532,"rms":0.66,"gap":122,"magType":"mb","type":"earthquake","title":"M 4.8 - 54 km SE of Koseda, Japan"},"geometry":{"type":"Point","coordinates":[131.0841,30.072,26.301]},"id":"us6000mwmv"},
{"type":"Feature","properties":{"mag":1.3,"place":"48 km N of Valdez, Alaska","time":1714976657717,"updated":1714976747644,"tz":null,"url":"https://earthquake.usgs.gov/earthquakes/eventpage/ak0245u4yuwb","detail":"https://earthquake.usgs.gov/earthquakes/feed/v1.0/detail/ak0245u4yuwb.geojson","felt":null,"cdi":null,"mmi":null,"alert":null,"status":"automatic","tsunami":0,"sig":26,"net":"ak","code":"0245u4yuwb","ids":",ak0245u4yuwb,","sources":",ak,","types":",origin,phase-data,","nst":null,"dmin":null,"rms":0.49,"gap":null,"magType":"ml","type":"earthquake","title":"M 1.3 - 48 km N of Valdez, Alaska"},"geometry":{"type":"Point","coordinates":[-146.4589,61.5644,32.9]},"id":"ak0245u4yuwb"},
{"type":"Feature","properties":{"mag":0.99,"place":"9 km SW of Corona, CA","time":1714975020050,"updated":1714975752723,"tz":null,"url":"https://earthquake.usgs.gov/earthquakes/eventpage/ci40740704","detail":"https://earthquake.usgs.gov/earthquakes/feed/v1.0/detail/ci40740704.geojson","felt":1,"cdi":2,"mmi":null,"alert":null,"status":"automatic","tsunami":0,"sig":15,"net":"ci","code":"40740704","ids":",ci40740704,","sources":",ci,","types":",dyfi,nearby-cities,origin,phase-data,scitech-link,","nst":10,"dmin":0.04108,"rms":0.1,"gap":147,"magType":"ml","type":"earthquake","title":"M 1.0 - 9 km SW of Corona, CA"},"geometry":{"type":"Point","coordinates":[-117.6448333,33.8236667,4.86]},"id":"ci40740704"}],"bbox":[-177.6181,-59.1728,-2,166.6969,68.0065,152.419]}